ticket_id,channel,plan,region,ticket_text,priority,zs_guess,zs_confidence,category
CB-6712,phone,Free,APAC,Hey What is the recommended way to onboard fifty new users at once? It worked fine last week. This is urgent. Please escalate if needed.,urgent,how_to,0.9578,how_to
CB-6701,email,Team,LATAM,How do I create a template other teams can copy?,urgent,how_to,0.9509,how_to
CB-6349,in-app,Enterprise,LATAM,Second time asking about this. The error message is a raw stack trace.,high,bug_ui,0.5356,bug_ui
CB-7399,email,Enterprise,LATAM,"Hi, The save button takes so long people click it twice. Our admin has already tried the usual steps.",normal,performance,0.9651,performance
CB-6111,in-app,Enterprise,LATAM,The credit from last month's outage was never applied. Ticket reference from last time was in the thread.,high,billing_plan,0.8325,billing_plan
CB-7362,chat,Business,LATAM,"hello, the loading spinner runs indefinitely with no error",high,performance,0.9067,performance
CB-6707,email,Team,APAC,"Morning, How do I find views that nobody has opened in six months? Not blocking but annoying.",urgent,performance,0.6986,how_to
CB-6456,email,Team,APAC,raising this again: the sync ran twice last night and doubled everything,high,bug_ui,0.4488,data_sync
CB-6102,in-app,Free,EMEA,"Hi team, We were charged twice this month for the same seats. Reproduced on two machines.",normal,billing_plan,0.984,billing_plan
CB-6373,chat,Enterprise,EMEA,"Morning, Nested records are flattened in a way that loses information. Please treat as high priority. Happy to jump on a call if easier.",urgent,bug_ui,0.957,data_sync
CB-6750,chat,Business,APAC,How do I compare this quarter to the same quarter last year? Ticket reference from last time was in the thread.,urgent,bug_ui,0.2821,how_to
CB-6255,chat,Enterprise,APAC,following up: the icon for archive and the icon for delete are identical,normal,bug_ui,0.509,bug_ui
CB-7106,email,Team,EMEA,Not sure if this is the right place but I get a 403 immediately after authenticating successfully. This is blocking our weekly reporting. Thanks in advance.,urgent,login_access,0.5817,login_access
CB-6185,email,Enterprise,North America,hey the column widths reset every time i open the view,normal,bug_ui,0.9422,bug_ui
CB-6715,in-app,Free,LATAM,Following up: How do I compare this quarter to the same quarter last year? Fairly low priority.,normal,bug_ui,0.6407,how_to
CB-7154,in-app,Team,EMEA,Following up: We need to force a password rotation for every user this quarter. This is urgent.,normal,login_access,0.963,login_access
CB-6274,phone,Business,North America,Quick one: The truncated numbers drop the thousands separator. Please treat as high priority.,normal,bug_ui,0.9131,bug_ui
CB-6344,email,Enterprise,North America,quick one: the save confirmation appears even when the save failed,normal,bug_ui,0.5088,bug_ui
CB-6214,chat,Free,APAC,The breadcrumb shows a folder that no longer exists. This started yesterday. Please escalate if needed.,urgent,login_access,0.2329,bug_ui
CB-6257,phone,Free,LATAM,second time asking about this the checkbox in the header selects only the visible rows without saying so,normal,bug_ui,0.6665,bug_ui
CB-7080,email,Team,EMEA,"Hi team, Someone who left the company still has an active account. Only happens for our EMEA users. Please escalate if needed.",normal,login_access,0.9337,login_access
CB-7316,phone,Enterprise,North America,Not sure if this is the right place but The first load of the day is always far slower than the rest. We need this resolved before month end.,high,performance,0.8306,performance
CB-6038,phone,Business,North America,Following up: We are being billed for a sandbox account we never use. Fairly low priority. We need this resolved before month end.,normal,billing_plan,0.9817,billing_plan
CB-7143,in-app,Business,LATAM,Raising this again: Logging in on a second device signs me out of the first. We need this resolved before month end.,normal,login_access,0.9032,login_access
CB-6353,email,Free,LATAM,We get stale data for one region only. Nothing changed on our side. No rush on this one.,normal,data_sync,0.8339,data_sync
CB-6120,chat,Enterprise,North America,"Hello, We want to switch from monthly to annual billing mid-term. This started yesterday. No rush on this one.",high,billing_plan,0.9207,billing_plan
CB-7386,chat,Business,LATAM,The page freezes completely while a filter applies.,normal,performance,0.8915,performance
CB-6372,email,Enterprise,LATAM,Sorry to bother you but Numbers are rounded to whole units and we need two decimals. This started yesterday. Please treat as high priority.,high,bug_ui,0.9351,data_sync
CB-7317,email,Free,North America,Not sure if this is the right place but Our overnight batch now overruns into working hours. Thanks!,urgent,performance,0.4188,performance
CB-7314,email,Free,North America,"Hi, Large reports fail with a gateway timeout. Thanks!",low,performance,0.8745,performance
CB-6702,chat,Free,APAC,can i see the history of a metric definition?,urgent,integrations,0.462,how_to
CB-6470,email,Free,North America,Quick one: Empty values are being stored as the string null.,urgent,bug_ui,0.3567,data_sync
CB-6163,email,Team,APAC,Second time asking about this. Our spend has doubled and we cannot see what drove it. Fairly low priority. Please advise.,high,billing_plan,0.84,billing_plan
CB-6613,in-app,Enterprise,EMEA,"Hello, We want a sandbox environment to test changes safely. Not blocking but annoying.",urgent,how_to,0.5946,feature_request
CB-7047,in-app,Team,LATAM,The Salesforce connector disconnects every few hours. It worked fine last week.,normal,integrations,0.5381,integrations
CB-6540,chat,Business,North America,Not sure if this is the right place but We need an approval step before a dashboard is shared externally. This is urgent.,normal,how_to,0.2941,feature_request
CB-7035,in-app,Free,LATAM,Our Slack notifications stopped arriving.,normal,integrations,0.5218,integrations
CB-6960,phone,Team,LATAM,Hey The Zendesk sync only works one way.,high,bug_ui,0.6487,integrations
CB-6639,email,Team,APAC,Following up: Can you support single sign-on for our smaller subsidiary too?,urgent,login_access,0.7006,feature_request
CB-6947,email,Enterprise,EMEA,Reporting on behalf of my team: Our Okta app assignment does not propagate to your side.,normal,bug_ui,0.6355,integrations
CB-6889,email,Enterprise,EMEA,not sure if this is the right place but the google sheets export stops at five thousand rows,urgent,bug_ui,0.5986,integrations
CB-6997,chat,Free,North America,quick one: the api returns a different shape than the docs describe,low,integrations,0.7215,integrations
CB-6332,email,Team,North America,"hi, pasting into the search field adds a trailing space that breaks it",low,how_to,0.7729,bug_ui
CB-6132,in-app,Team,North America,Our billing contact cannot access the billing settings page. Reproduced on two machines.,normal,billing_plan,0.2707,billing_plan
CB-6131,in-app,Enterprise,EMEA,Second time asking about this. The refund was approved three weeks ago and has not arrived.,normal,billing_plan,0.8842,billing_plan
CB-6828,in-app,Team,EMEA,"Hello, Is there a way to undo a bulk delete? No rush on this one.",normal,how_to,0.9059,how_to
CB-6593,email,Enterprise,APAC,Raising this again: Please allow more than ten widgets on one dashboard. I have cleared cache and tried incognito.,normal,how_to,0.4907,feature_request
CB-7090,chat,Free,LATAM,Reporting on behalf of my team: Our identity provider says the assertion audience does not match. This is urgent. Any help appreciated.,high,bug_ui,0.5506,login_access
CB-6509,phone,Free,EMEA,Not sure if this is the right place but Our date fields are being read as American format when they are European. This started yesterday.,urgent,bug_ui,0.9537,data_sync
CB-6277,chat,Free,EMEA,Quick one: The sidebar collapses every time I navigate.,high,bug_ui,0.5094,bug_ui
CB-6741,phone,Business,North America,"Morning, How do I move a dashboard to a different owner? This is blocking our weekly reporting.",high,how_to,0.9465,how_to
CB-6592,email,Enterprise,APAC,Reporting on behalf of my team: Please add dark mode. Please treat as high priority.,high,feature_request,0.8544,feature_request
CB-6725,in-app,Team,LATAM,How do I export just the filtered rows and not everything? Please advise.,high,how_to,0.9561,how_to
CB-7065,email,Free,EMEA,Not sure if this is the right place but Sessions keep dropping on Safari but not on Chrome.,normal,performance,0.8086,login_access
CB-7258,chat,Free,EMEA,"Hi team, The app slows to a crawl when a colleague is editing the same view.",normal,performance,0.9656,performance
CB-6649,email,Business,EMEA,"Hi, Please add a way to bulk reassign ownership when someone leaves. I have cleared cache and tried incognito. Screenshot attached.",high,feature_request,0.9519,feature_request
CB-6760,chat,Business,EMEA,Not sure if this is the right place but How do I find views that nobody has opened in six months? Any help appreciated.,low,performance,0.8126,how_to
CB-7272,chat,Free,LATAM,Raising this again: The initial bundle download is enormous on our connection.,normal,bug_ui,0.3405,performance
CB-7367,in-app,Team,North America,"Hi, The app pegs one CPU core continuously in the background.",high,performance,0.9546,performance
CB-6333,email,Team,APAC,"Morning, The checkbox in the header selects only the visible rows without saying so.",urgent,bug_ui,0.6227,bug_ui
CB-7043,email,Free,North America,The connector duplicates our accounts as separate records.,normal,bug_ui,0.4326,integrations
CB-6267,phone,Team,EMEA,The avatar initials show the wrong user. Please advise.,normal,how_to,0.2713,bug_ui
CB-6716,in-app,Free,APAC,Reporting on behalf of my team: Where can I find our API key? This is blocking our weekly reporting.,normal,integrations,0.5072,how_to
CB-6184,chat,Team,EMEA,Not sure if this is the right place but Keyboard focus is invisible so I cannot tab through the form. Thanks in advance.,normal,how_to,0.7784,bug_ui
CB-6524,chat,Enterprise,EMEA,"Morning, The backfill has been running for two days with no progress.",normal,performance,0.9342,data_sync
CB-7339,in-app,Enterprise,EMEA,Duplicating a large dashboard takes several minutes. Ticket reference from last time was in the thread.,high,performance,0.8056,performance
CB-7348,phone,Enterprise,EMEA,Second time asking about this. The bulk import processes about one record per second. Please treat as high priority.,normal,data_sync,0.3469,performance
CB-6364,email,Free,APAC,"Hi, Empty values are being stored as the string null. Can someone take a look?",high,bug_ui,0.2863,data_sync
CB-6871,in-app,Business,APAC,sorry to bother you but how do i archive a workspace without deleting it?,normal,how_to,0.9881,how_to
CB-6767,chat,Enterprise,LATAM,"Hello, What happens to shared links when I archive a view? I have cleared cache and tried incognito. Not blocking but annoying.",urgent,how_to,0.5306,how_to
CB-7251,chat,Enterprise,LATAM,Reporting on behalf of my team: Concurrent users cause the whole workspace to slow down. Our admin has already tried the usual steps.,low,performance,0.8435,performance
CB-7207,phone,Team,APAC,"Quick one: I replaced my phone and lost the 2FA device, now I am locked out. Our admin has already tried the usual steps.",normal,login_access,0.949,login_access
CB-7037,chat,Free,EMEA,Raising this again: Our API key stopped working with no notice. This is blocking our weekly reporting. Thanks!,low,integrations,0.8262,integrations
CB-6877,email,Business,North America,"Morning, We cannot rotate the API key without downtime. It worked fine last week. Please escalate if needed.",normal,integrations,0.702,integrations
CB-7390,email,Free,LATAM,"Hello, The mobile app takes fifteen seconds to open a saved view. Thanks in advance.",normal,performance,0.9588,performance
CB-7345,email,Enterprise,North America,The mobile app is unusably slow on anything other than wifi. Ticket reference from last time was in the thread.,low,performance,0.9768,performance
CB-7108,in-app,Enterprise,North America,Raising this again: The invite went to the wrong address and cannot be revoked.,normal,bug_ui,0.3199,login_access
CB-7078,chat,Business,APAC,Hey The session cookie is rejected when we use the product in an iframe. We need this resolved before month end.,low,login_access,0.2891,login_access
CB-7131,phone,Team,EMEA,The domain capture feature grabbed accounts that are not ours. No rush on this one. Any help appreciated.,urgent,how_to,0.3603,login_access
CB-6987,in-app,Enterprise,EMEA,sorry to bother you but the teams app will not install in our tenant,normal,bug_ui,0.296,integrations
CB-7052,phone,Enterprise,North America,"I replaced my phone and lost the 2FA device, now I am locked out. Ticket reference from last time was in the thread.",low,login_access,0.945,login_access
CB-6931,in-app,Team,LATAM,"Hello, The Stripe integration reports different totals to Stripe itself. This started yesterday. Please treat as high priority.",high,bug_ui,0.5166,integrations
CB-6545,email,Enterprise,LATAM,Raising this again: We would like usage analytics per dashboard. Thanks in advance.,high,feature_request,0.5075,feature_request
CB-6007,phone,Free,EMEA,Hey The subscription shows as past due but the payment cleared.,normal,billing_plan,0.9269,billing_plan
CB-6028,in-app,Business,North America,Following up: The discount code from the conference does not work. Only happens for our EMEA users.,normal,bug_ui,0.4127,billing_plan
CB-6891,in-app,Free,EMEA,sorry to bother you but the connector needs a static ip and we cannot get one,urgent,integrations,0.5873,integrations
CB-6043,phone,Enterprise,APAC,Hey The cancellation still charged us for the following month. Ticket reference from last time was in the thread.,high,billing_plan,0.9586,billing_plan
CB-6768,chat,Business,North America,Raising this again: Can I tag records and filter by tag later?,urgent,how_to,0.5565,how_to
CB-7129,phone,Business,North America,Second time asking about this. We want to enforce SSO only and disable password sign-in.,urgent,login_access,0.8649,login_access
CB-7232,email,Enterprise,EMEA,"Hi, Server response times spike every hour on the hour. Ticket reference from last time was in the thread.",normal,performance,0.9158,performance
CB-6940,email,Enterprise,LATAM,The integration was disabled automatically and nobody was told. Please advise.,low,integrations,0.5189,integrations
CB-6627,phone,Team,APAC,"Hello, We need version history on dashboards.",low,bug_ui,0.5868,feature_request
CB-6040,chat,Enterprise,LATAM,The payment page rejects our corporate card as invalid. This is blocking our weekly reporting. Happy to jump on a call if easier.,normal,billing_plan,0.8922,billing_plan
CB-6414,in-app,Business,APAC,Quick one: Our timezone setting is ignored on scheduled syncs. Please advise.,urgent,bug_ui,0.5908,data_sync
CB-7050,in-app,Enterprise,LATAM,"morning, the integration logs are not retained long enough to debug",urgent,integrations,0.7286,integrations
CB-6785,email,Team,EMEA,"Hi team, Is there a way to undo a bulk delete?",normal,how_to,0.8871,how_to
CB-6802,in-app,Team,LATAM,Hey How do I merge two duplicate records?,urgent,how_to,0.9805,how_to
CB-6710,phone,Free,APAC,Is there a way to bulk edit records?,high,feature_request,0.6107,how_to
CB-6549,chat,Free,APAC,Sorry to bother you but Can you add a diff view between two time periods? This started yesterday. Please treat as high priority.,normal,feature_request,0.7679,feature_request
CB-6589,chat,Enterprise,APAC,We need the ability to set a retention policy per workspace.,normal,feature_request,0.9101,feature_request
CB-6446,chat,Enterprise,APAC,Following up: Duplicate records appear after every sync run. Thanks in advance.,normal,bug_ui,0.8122,data_sync
CB-6134,chat,Free,LATAM,"Hi, The auto-renew date moved forward by a month unexpectedly. Ticket reference from last time was in the thread.",normal,bug_ui,0.3435,billing_plan
CB-6348,in-app,Free,APAC,raising this again: the print layout cuts the table in half,high,bug_ui,0.9602,bug_ui
CB-7062,phone,Team,North America,Reporting on behalf of my team: The invite went to the wrong address and cannot be revoked. This is urgent.,urgent,bug_ui,0.4339,login_access
CB-7290,chat,Team,North America,Raising this again: The first load of the day is always far slower than the rest. Happens roughly half the time.,high,performance,0.6732,performance
CB-7170,phone,Free,North America,"Morning, Our whole team lost SSO access after the weekend maintenance.",urgent,login_access,0.7375,login_access
CB-6518,chat,Team,LATAM,Raising this again: The sync ran twice last night and doubled everything. Thanks in advance.,low,bug_ui,0.3639,data_sync
CB-7248,email,Free,EMEA,Performance degrades steadily until we reload the page.,high,performance,0.7621,performance
CB-7138,phone,Business,APAC,Sorry to bother you but Two people share a login and we need to split it into separate accounts. Any help appreciated.,high,login_access,0.7823,login_access
CB-6911,email,Enterprise,LATAM,Quick one: Our Slack notifications stopped arriving. This started yesterday.,high,integrations,0.4989,integrations
CB-6263,chat,Free,APAC,the sort arrow points the opposite way to the actual sort,low,bug_ui,0.9044,bug_ui
CB-7120,chat,Enterprise,APAC,Raising this again: Our contractor accounts expired early and they need access back.,urgent,login_access,0.8968,login_access
CB-6968,in-app,Business,North America,hey the zapier trigger fires twice for one event,urgent,bug_ui,0.3317,integrations
CB-6673,chat,Team,EMEA,"Hello, Can you support single sign-on for our smaller subsidiary too? Thanks!",normal,login_access,0.7066,feature_request
CB-7188,phone,Business,EMEA,"Hi team, The sign-in page shows a blank screen on our locked-down browsers. Please escalate if needed.",urgent,login_access,0.9872,login_access
CB-7392,phone,Enterprise,LATAM,raising this again: typing in a long text field lags behind by half a second,urgent,performance,0.9249,performance
CB-7042,chat,Enterprise,LATAM,Raising this again: The connector authenticated but syncs no objects.,urgent,integrations,0.7474,integrations
CB-6394,email,Free,EMEA,"Hi, The sync reports success but the record count is zero. We need this resolved before month end.",high,bug_ui,0.6022,data_sync
CB-7071,chat,Team,EMEA,Quick one: Our IP allowlist is blocking our own office after the ISP changed our range.,low,bug_ui,0.9269,login_access
CB-6138,email,Free,North America,The discount code from the conference does not work.,high,bug_ui,0.4042,billing_plan
CB-6113,in-app,Enterprise,LATAM,"Morning, We need to move billing to a different legal entity. Not blocking but annoying.",urgent,billing_plan,0.8828,billing_plan
CB-6427,email,Enterprise,APAC,Reporting on behalf of my team: The sync skipped an entire month of records. Please treat as high priority. Happy to jump on a call if easier.,normal,bug_ui,0.7643,data_sync
CB-6936,chat,Free,North America,Following up: OAuth consent fails when our admin tries to approve it.,normal,integrations,0.8593,integrations
CB-6958,email,Business,EMEA,our slack notifications stopped arriving,low,performance,0.6694,integrations
CB-6013,phone,Enterprise,North America,Sorry to bother you but I need invoices for the last twelve months in one download. Nothing changed on our side. Thanks in advance.,normal,billing_plan,0.9626,billing_plan
CB-6827,in-app,Team,LATAM,Not sure if this is the right place but How do I set up a read-only account for our auditor?,normal,how_to,0.8855,how_to
CB-6626,email,Team,EMEA,Sorry to bother you but Please add support for importing from a spreadsheet template. It worked fine last week.,normal,feature_request,0.6906,feature_request
CB-6039,chat,Business,EMEA,Sorry to bother you but Our card was declined and I cannot find where to update it. Our admin has already tried the usual steps.,low,billing_plan,0.8653,billing_plan
CB-7283,chat,Free,APAC,Scrolling a long table stutters badly. Screenshot attached.,normal,bug_ui,0.658,performance
CB-6339,chat,Team,APAC,Raising this again: The notification badge never clears.,normal,performance,0.8066,bug_ui
CB-6325,in-app,Team,LATAM,The error message is a raw stack trace.,high,bug_ui,0.5756,bug_ui
CB-6758,chat,Free,EMEA,Reporting on behalf of my team: What is the recommended way to onboard fifty new users at once?,normal,how_to,0.8908,how_to
CB-6660,in-app,Business,LATAM,Following up: Please add a bulk export of every view definition.,normal,feature_request,0.7262,feature_request
CB-6992,email,Business,LATAM,hey the integration logs are not retained long enough to debug,high,integrations,0.7323,integrations
CB-6029,phone,Enterprise,APAC,"hi, the refund was approved three weeks ago and has not arrived",normal,billing_plan,0.885,billing_plan
CB-7265,phone,Free,North America,"Morning, The app is fast on our office network and slow on VPN.",normal,performance,0.7983,performance
CB-6478,chat,Team,EMEA,"Not sure if this is the right place but The sync only picks up records changed in the last hour, not the last day. It affects about a dozen people. Ticket reference from last time was in the thread.",normal,bug_ui,0.7583,data_sync
CB-6708,in-app,Enterprise,LATAM,"Hi team, Where do I manage notification preferences for the whole org? Nothing changed on our side. This is urgent. Please advise.",low,how_to,0.9473,how_to
CB-6878,chat,Team,LATAM,Not sure if this is the right place but The API deprecation notice gave us two weeks.,normal,integrations,0.3373,integrations
CB-6420,email,Team,North America,empty values are being stored as the string null,urgent,bug_ui,0.4109,data_sync
CB-6927,phone,Enterprise,LATAM,Quick one: The callback URL cannot be changed once it is set. Our admin has already tried the usual steps.,urgent,integrations,0.5861,integrations
CB-6385,in-app,Enterprise,LATAM,Quick one: Our totals here are consistently three percent below source. This started yesterday.,low,bug_ui,0.9328,data_sync
CB-6582,email,Enterprise,APAC,we would like to see a changelog inside the product,normal,integrations,0.4459,feature_request
CB-7174,in-app,Enterprise,LATAM,"Hi, The invite went to the wrong address and cannot be revoked.",high,login_access,0.2722,login_access
CB-7327,in-app,Business,EMEA,Our largest account cannot open its own dashboard at all. This started yesterday. We need this resolved before month end.,high,performance,0.4729,performance
CB-7085,email,Business,LATAM,Not sure if this is the right place but Our contractor accounts expired early and they need access back. We are on the Team plan. Any help appreciated.,urgent,login_access,0.8732,login_access
CB-6213,chat,Enterprise,APAC,"Hi team, The calendar starts the week on the wrong day for our region. It worked fine last week. Not blocking but annoying. Ticket reference from last time was in the thread.",urgent,bug_ui,0.6973,bug_ui
CB-7382,chat,Team,APAC,"Morning, Duplicating a large dashboard takes several minutes.",normal,performance,0.7583,performance
CB-7006,phone,Free,LATAM,Quick one: The Google Sheets export stops at five thousand rows. Thanks in advance.,normal,bug_ui,0.5024,integrations
CB-6971,in-app,Enterprise,North America,Hey The connector reset all of our field mappings after an upgrade. Our admin has already tried the usual steps.,low,bug_ui,0.3602,integrations
CB-7243,in-app,Business,EMEA,The API takes four seconds for a request that used to take one. We need this resolved before month end.,urgent,performance,0.4991,performance
CB-6815,in-app,Team,APAC,Sorry to bother you but How do I change the aggregation from sum to average? This is blocking our weekly reporting. No rush on this one. Any help appreciated.,low,how_to,0.7601,how_to
CB-6909,chat,Enterprise,LATAM,not sure if this is the right place but the zendesk sync only works one way,normal,bug_ui,0.4713,integrations
CB-6250,chat,Business,EMEA,second time asking about this the table sorts numbers as if they were text,high,bug_ui,0.9388,bug_ui
CB-6063,chat,Free,North America,sorry to bother you but i need a w-9 and an itemised invoice for accounting,low,billing_plan,0.8797,billing_plan
CB-6450,phone,Team,EMEA,Hey Our date fields are being read as American format when they are European. Screenshot attached.,normal,bug_ui,0.9707,data_sync
CB-7057,chat,Team,LATAM,The admin console will not let me reset another user's password.,normal,login_access,0.9279,login_access
CB-6273,email,Free,LATAM,Raising this again: The filter chip says active when nothing is filtered. It affects about a dozen people.,high,bug_ui,0.6554,bug_ui
CB-6479,phone,Free,EMEA,Sorry to bother you but The sync ran twice last night and doubled everything. This is blocking our weekly reporting. Fairly low priority. Please advise.,normal,performance,0.7199,data_sync
CB-6104,phone,Team,North America,The plan comparison page and the checkout page show different prices. We are on the Team plan. Can someone take a look?,low,bug_ui,0.4968,billing_plan
CB-6843,chat,Business,APAC,What is the correct order to set up a new team? Please advise.,low,how_to,0.9882,how_to
CB-6018,chat,Team,EMEA,"Hi team, The credit from last month's outage was never applied.",high,billing_plan,0.8713,billing_plan
CB-7221,in-app,Free,APAC,not sure if this is the right place but the email on my account is wrong and i cannot receive the verification code,normal,login_access,0.7966,login_access
CB-6278,email,Business,North America,The mobile layout overlaps two buttons so I hit the wrong one.,low,bug_ui,0.4608,bug_ui
CB-7087,in-app,Free,EMEA,Hey We are getting rate limited on the sign-in endpoint during standup.,low,bug_ui,0.3615,login_access
CB-6691,phone,Team,EMEA,Quick one: Can you add keyboard shortcuts for the common actions? Happy to jump on a call if easier.,urgent,feature_request,0.6624,feature_request
CB-6363,phone,Team,APAC,Not sure if this is the right place but The sync ran twice last night and doubled everything.,high,bug_ui,0.5485,data_sync
CB-6521,chat,Free,LATAM,deleted records come back on the next run,normal,bug_ui,0.5021,data_sync
CB-6203,chat,Business,APAC,"Hello, The dialog cannot be dismissed with the escape key.",low,login_access,0.291,bug_ui
CB-6619,phone,Business,North America,"morning, we need a way to annotate a spike so context is not lost",urgent,feature_request,0.6605,feature_request
CB-6140,phone,Business,EMEA,The payment page rejects our corporate card as invalid. This is urgent.,normal,billing_plan,0.9794,billing_plan
CB-6126,chat,Free,EMEA,hey our card was declined and i cannot find where to update it,urgent,billing_plan,0.5381,billing_plan
CB-7307,in-app,Team,LATAM,"Hi team, Scrolling a long table stutters badly.",high,bug_ui,0.6564,performance
CB-7242,email,Team,LATAM,"hi, charts render one at a time instead of together",normal,bug_ui,0.8786,performance
CB-6095,in-app,Business,APAC,hey the seat count includes deactivated users,normal,bug_ui,0.9053,billing_plan
CB-6475,email,Team,North America,Hey A renamed field upstream broke the mapping without warning. This is urgent. Screenshot attached.,low,bug_ui,0.7996,data_sync
CB-6351,email,Team,LATAM,Not sure if this is the right place but Text fields are truncated at 255 characters. This started yesterday. Screenshot attached.,low,bug_ui,0.767,data_sync
CB-7341,phone,Enterprise,APAC,Raising this again: The app is fast on our office network and slow on VPN. Thanks in advance.,normal,performance,0.7708,performance
CB-6884,chat,Enterprise,North America,Sorry to bother you but The API error messages give no detail we can act on.,normal,integrations,0.9474,integrations
CB-7049,phone,Enterprise,North America,The API returns a different shape than the docs describe. No rush on this one. Please advise.,urgent,integrations,0.775,integrations
CB-6933,in-app,Enterprise,EMEA,"Hi team, The Google Sheets export stops at five thousand rows. This is urgent.",normal,bug_ui,0.4649,integrations
CB-6482,chat,Free,APAC,Deleted records come back on the next run.,urgent,bug_ui,0.685,data_sync
CB-6068,chat,Team,APAC,"Hi, We need a quote for adding thirty seats next quarter. Fairly low priority.",normal,feature_request,0.7314,billing_plan
CB-6882,phone,Enterprise,North America,Hey The callback URL cannot be changed once it is set.,normal,integrations,0.6552,integrations
CB-7164,chat,Team,EMEA,MFA is enforced for admins but not for regular users and we need both. Can someone take a look?,normal,bug_ui,0.2495,login_access
CB-6982,email,Free,North America,Second time asking about this. The callback URL cannot be changed once it is set.,urgent,integrations,0.6364,integrations
CB-6012,in-app,Business,North America,"Hi, The auto-renew date moved forward by a month unexpectedly. Please treat as high priority.",low,bug_ui,0.4261,billing_plan
CB-7136,in-app,Enterprise,APAC,Following up: The email on my account is wrong and I cannot receive the verification code.,normal,login_access,0.8908,login_access
CB-6533,chat,Team,APAC,"Morning, Please support custom colour palettes for accessibility.",normal,feature_request,0.6842,feature_request
CB-6996,phone,Team,LATAM,Reporting on behalf of my team: Our Slack notifications stopped arriving. Reproduced on two machines.,urgent,performance,0.6131,integrations
CB-6266,email,Business,North America,the currency symbol is hardcoded to dollars,urgent,bug_ui,0.9809,bug_ui
CB-7186,in-app,Team,APAC,Raising this again: I get a 403 immediately after authenticating successfully.,low,login_access,0.8472,login_access
CB-6010,phone,Enterprise,APAC,Second time asking about this. The free trial converted to paid before we decided.,urgent,billing_plan,0.324,billing_plan
CB-6904,email,Enterprise,North America,Second time asking about this. The Teams app will not install in our tenant.,normal,bug_ui,0.2092,integrations
CB-7202,phone,Enterprise,EMEA,"hi, the sso config was changed by accident and now nobody can get in",normal,login_access,0.4812,login_access
CB-6129,phone,Free,North America,"Hi, We are on a legacy plan and want to know what we lose by moving.",normal,billing_plan,0.4634,billing_plan
CB-6630,phone,Business,North America,"Hi, Can you support two-factor via hardware keys? This is blocking our weekly reporting.",urgent,login_access,0.6168,feature_request
CB-6445,email,Business,EMEA,Following up: The sync fails silently with no error and no notification. Fairly low priority.,high,performance,0.3152,data_sync
CB-6334,phone,Enterprise,North America,"Hi team, The icon for archive and the icon for delete are identical. Not blocking but annoying.",low,bug_ui,0.3575,bug_ui
CB-6180,phone,Free,APAC,"Hi, The save confirmation appears even when the save failed. Happy to jump on a call if easier.",normal,integrations,0.7705,bug_ui
CB-6868,phone,Business,North America,How do I change who receives the weekly summary? Only happens for our EMEA users. We need this resolved before month end.,low,how_to,0.7684,how_to
CB-6480,email,Enterprise,EMEA,The sync completes but half the fields are empty. Thanks in advance.,normal,bug_ui,0.5226,data_sync
CB-6922,email,Team,EMEA,Following up: The webhook signature verification always fails. It worked fine last week.,high,integrations,0.8881,integrations
CB-7034,chat,Team,APAC,hey the looker connection cannot see our new tables,normal,bug_ui,0.5419,integrations
CB-7245,phone,Business,LATAM,The app is much slower in Firefox than in Chrome. Any help appreciated.,urgent,performance,0.944,performance
CB-7189,chat,Team,APAC,Following up: MFA is enforced for admins but not for regular users and we need both. I have cleared cache and tried incognito.,urgent,login_access,0.3475,login_access
CB-6755,in-app,Team,North America,Reporting on behalf of my team: How do I add a calculated field? Please escalate if needed.,normal,how_to,0.6449,how_to
CB-7122,phone,Business,EMEA,Raising this again: The SSO config was changed by accident and now nobody can get in. Please advise.,normal,login_access,0.8659,login_access
CB-6502,in-app,Business,EMEA,"Hello, The incremental sync misses records that were updated in bulk.",normal,bug_ui,0.7019,data_sync
CB-6432,email,Team,EMEA,"morning, boolean fields arrive as one and zero instead of true and false",high,bug_ui,0.809,data_sync
CB-6943,chat,Business,APAC,Following up: The webhook returns a 500 and we cannot see why. Fairly low priority. Thanks!,urgent,integrations,0.7834,integrations
CB-6251,phone,Team,LATAM,The truncated numbers drop the thousands separator.,low,bug_ui,0.9572,bug_ui
CB-6723,phone,Free,EMEA,Hey How do I change the aggregation from sum to average? Happens roughly half the time. Ticket reference from last time was in the thread.,high,how_to,0.9187,how_to
CB-6256,email,Team,APAC,"Morning, The error message is a raw stack trace. I have cleared cache and tried incognito.",low,bug_ui,0.3409,bug_ui
CB-7206,phone,Business,North America,"morning, authenticator codes are being rejected even after resyncing",urgent,performance,0.444,login_access
CB-6658,phone,Free,APAC,"morning, we want to schedule reports to slack, not just email",low,integrations,0.5281,feature_request
CB-6776,in-app,Enterprise,LATAM,Reporting on behalf of my team: Can I hide a metric from a shared view without deleting it? Screenshot attached.,low,how_to,0.7013,how_to
CB-6951,email,Enterprise,North America,"Morning, The connector authenticated but syncs no objects. Not blocking but annoying.",normal,integrations,0.8515,integrations
CB-6756,email,Business,North America,Where do I change the default timezone for everyone? Can someone take a look?,urgent,how_to,0.9822,how_to
CB-6311,email,Free,APAC,Not sure if this is the right place but The dialog cannot be dismissed with the escape key.,normal,bug_ui,0.3092,bug_ui
CB-6731,phone,Team,EMEA,How do I set up a recurring data refresh? Nothing changed on our side.,normal,how_to,0.9197,how_to
CB-6635,phone,Free,EMEA,Sorry to bother you but We need an approval step before a dashboard is shared externally.,high,feature_request,0.287,feature_request
CB-6137,phone,Business,LATAM,Sorry to bother you but The seat count includes deactivated users.,low,bug_ui,0.9435,billing_plan
CB-6107,in-app,Enterprise,APAC,"Morning, We want to pay by bank transfer instead of card.",normal,billing_plan,0.4314,billing_plan
CB-6186,chat,Enterprise,LATAM,Raising this again: The sort arrow points the opposite way to the actual sort.,high,bug_ui,0.9036,bug_ui
CB-6680,email,Free,LATAM,"Hey Please allow scheduling at a specific minute, not just the hour.",normal,how_to,0.8057,feature_request
CB-6397,in-app,Team,APAC,hey numbers are rounded to whole units and we need two decimals,urgent,bug_ui,0.8894,data_sync
CB-6791,phone,Business,North America,Can I set a metric to alert me when it drops? I have cleared cache and tried incognito.,low,how_to,0.8372,how_to
CB-6130,phone,Team,APAC,"Morning, The credit from last month's outage was never applied. Thanks in advance.",normal,billing_plan,0.8673,billing_plan
CB-6860,phone,Enterprise,North America,"Hi, How do I change the aggregation from sum to average?",normal,how_to,0.9735,how_to
CB-7084,phone,Business,APAC,Our whole team lost SSO access after the weekend maintenance.,high,login_access,0.8073,login_access
CB-6175,email,Enterprise,LATAM,Quick one: The cancellation still charged us for the following month. It affects about a dozen people. Can someone take a look?,high,billing_plan,0.9684,billing_plan
CB-6629,in-app,Enterprise,APAC,"Hello, We want to schedule reports to Slack, not just email. We need this resolved before month end.",normal,how_to,0.4626,feature_request
CB-7046,chat,Enterprise,North America,Raising this again: Our custom connector is throttled harder than the official one.,normal,integrations,0.6421,integrations
CB-6939,in-app,Business,EMEA,"Morning, The Teams app will not install in our tenant.",urgent,how_to,0.3873,integrations
CB-7095,email,Team,North America,Logging in on a second device signs me out of the first.,low,login_access,0.9428,login_access
CB-6742,email,Free,North America,"morning, where can i find our api key?",low,how_to,0.6244,how_to
CB-6421,email,Free,APAC,"hello, the sync ignores our filter and pulls every record",urgent,data_sync,0.724,data_sync
CB-6995,in-app,Enterprise,LATAM,the sftp drop stopped accepting our key,high,performance,0.4102,integrations
CB-6823,phone,Free,EMEA,Reporting on behalf of my team: How do I create a template other teams can copy? Please treat as high priority. Please escalate if needed.,low,how_to,0.7113,how_to
CB-6232,email,Free,APAC,"hi, the filter chip says active when nothing is filtered",normal,bug_ui,0.4176,bug_ui
CB-6537,email,Enterprise,North America,"Hi, A public API for dashboard creation would let us automate onboarding. Happens roughly half the time. Let me know.",normal,integrations,0.892,feature_request
CB-6957,email,Team,LATAM,Quick one: The webhook signature verification always fails. We are on the Team plan.,urgent,integrations,0.7826,integrations
CB-6970,in-app,Enterprise,EMEA,Sorry to bother you but Our Okta app assignment does not propagate to your side. It worked fine last week. Thanks!,high,login_access,0.3096,integrations
CB-6152,phone,Free,LATAM,Reporting on behalf of my team: We are charged in advance but the contract says in arrears.,normal,billing_plan,0.9515,billing_plan
CB-7297,chat,Enterprise,APAC,Second time asking about this. Queries that finish quickly in the console time out in the UI. Let me know.,high,performance,0.5384,performance
CB-6337,chat,Business,North America,Sorry to bother you but The chart axis starts at a non-zero value and exaggerates the trend. Fairly low priority.,normal,bug_ui,0.9903,bug_ui
CB-7003,chat,Business,EMEA,Second time asking about this. The integration was disabled automatically and nobody was told.,high,integrations,0.7034,integrations
CB-6900,chat,Enterprise,LATAM,The connector requires permissions our security team will not approve.,normal,integrations,0.8194,integrations
CB-6006,email,Team,APAC,Sorry to bother you but Our purchase order number is missing from the invoice. Any help appreciated.,normal,billing_plan,0.9515,billing_plan
CB-7158,email,Business,LATAM,second time asking about this i am told my email is already registered but i have never signed up,normal,login_access,0.3825,login_access
CB-6915,chat,Team,EMEA,Our custom connector is throttled harder than the official one. Our admin has already tried the usual steps.,urgent,integrations,0.8179,integrations
CB-7151,phone,Team,LATAM,Our contractor accounts expired early and they need access back. Our admin has already tried the usual steps.,high,login_access,0.961,login_access
CB-7032,in-app,Business,North America,Raising this again: Our SDK version is no longer supported and nothing warned us. Nothing changed on our side. Not blocking but annoying. Thanks!,normal,integrations,0.4787,integrations
CB-6294,email,Enterprise,APAC,"Morning, The timezone shown in the header disagrees with the rows. We need this resolved before month end.",urgent,bug_ui,0.9902,bug_ui
CB-6555,phone,Business,EMEA,Please allow more than ten widgets on one dashboard.,urgent,how_to,0.5561,feature_request
CB-7096,in-app,Free,APAC,The domain capture feature grabbed accounts that are not ours. I have cleared cache and tried incognito. Ticket reference from last time was in the thread.,normal,login_access,0.3939,login_access
CB-7368,in-app,Free,EMEA,we hit a timeout that cannot be increased anywhere in settings,low,performance,0.9773,performance
CB-7130,email,Team,LATAM,"Hi, We need to force a password rotation for every user this quarter.",low,login_access,0.9634,login_access
CB-7177,email,Enterprise,APAC,"Hi team, We see an account suspended banner even though the invoice is paid. Please advise.",low,login_access,0.6783,login_access
CB-6824,chat,Enterprise,APAC,"Hi, How do I merge two duplicate records?",normal,how_to,0.9873,how_to
CB-7166,phone,Free,APAC,"hi team, the admin console will not let me reset another user's password",high,login_access,0.8854,login_access
CB-6146,in-app,Business,APAC,Quick one: We were moved to a more expensive tier without being told. Only happens for our EMEA users.,normal,billing_plan,0.6511,billing_plan
CB-6309,phone,Team,North America,Raising this again: The back button takes me out of the app entirely.,low,performance,0.2471,bug_ui
CB-7358,chat,Team,EMEA,Following up: The app slows to a crawl when a colleague is editing the same view.,high,performance,0.9587,performance
CB-6552,in-app,Enterprise,APAC,Not sure if this is the right place but Please add dark mode.,high,feature_request,0.7909,feature_request
CB-6783,chat,Enterprise,LATAM,Sorry to bother you but How do I find views that nobody has opened in six months?,low,performance,0.7554,how_to
CB-6261,email,Business,LATAM,raising this again: the chart legend shows colours that do not match the bars,normal,bug_ui,0.9848,bug_ui
CB-7094,phone,Free,North America,"Hello, The account switcher shows an organisation we no longer belong to.",low,login_access,0.9276,login_access
CB-6085,email,Business,APAC,i removed four users but the invoice still shows the old headcount,normal,bug_ui,0.5654,billing_plan
CB-6599,phone,Business,North America,We need version history on dashboards.,low,bug_ui,0.5623,feature_request
CB-6822,chat,Enterprise,LATAM,Following up: Can I group by two fields at once? Let me know.,high,how_to,0.822,how_to
CB-6698,phone,Enterprise,LATAM,Raising this again: Please add dark mode. Happens roughly half the time.,normal,feature_request,0.7034,feature_request
CB-6611,email,Business,LATAM,Sorry to bother you but We want to be able to pin a note to the top of a workspace. Thanks in advance.,normal,feature_request,0.4987,feature_request
CB-7216,phone,Team,North America,We need to force a password rotation for every user this quarter.,urgent,login_access,0.9572,login_access
CB-7224,in-app,Business,EMEA,Not sure if this is the right place but It signs me out every twenty minutes for no reason. Nothing changed on our side.,high,performance,0.7522,login_access
CB-6308,email,Free,EMEA,Reporting on behalf of my team: The undo button undoes more than the last action. Please advise.,normal,bug_ui,0.5169,bug_ui
CB-6260,email,Business,North America,The success toast disappears before it can be read. This started yesterday.,low,bug_ui,0.3738,bug_ui
CB-6079,in-app,Business,EMEA,Raising this again: Our card was declined and I cannot find where to update it.,normal,billing_plan,0.3894,billing_plan
CB-6631,in-app,Free,North America,Second time asking about this. A way to bookmark frequently used filters would save us time. I have cleared cache and tried incognito. Please escalate if needed.,normal,how_to,0.7746,feature_request
CB-7323,chat,Enterprise,EMEA,Raising this again: Filtering by date range on a year of data never returns. This is blocking our weekly reporting.,normal,bug_ui,0.6186,performance
CB-6886,in-app,Free,LATAM,hey the webhook returns a 500 and we cannot see why,normal,integrations,0.8313,integrations
CB-6291,in-app,Team,LATAM,"hi team, the back button takes me out of the app entirely",high,how_to,0.4152,bug_ui
CB-6419,phone,Business,EMEA,"hi, a renamed field upstream broke the mapping without warning",low,bug_ui,0.7897,data_sync
CB-7074,email,Team,LATAM,I get a 403 immediately after authenticating successfully. Only happens for our EMEA users. Please treat as high priority. Ticket reference from last time was in the thread.,urgent,login_access,0.9168,login_access
CB-6561,chat,Business,North America,Not sure if this is the right place but Please support nested folders.,high,feature_request,0.7124,feature_request
CB-6182,phone,Free,EMEA,Reporting on behalf of my team: The percentage column shows values above one hundred. Happens roughly half the time. No rush on this one.,normal,bug_ui,0.6829,bug_ui
CB-7199,in-app,Free,LATAM,"Morning, The admin console will not let me reset another user's password.",low,login_access,0.9233,login_access
CB-6717,chat,Business,LATAM,Reporting on behalf of my team: Where do I change the default timezone for everyone? Thanks in advance.,urgent,how_to,0.9312,how_to
CB-7056,phone,Team,LATAM,Raising this again: The teammate invite link expires the instant they click it. Nothing changed on our side.,normal,performance,0.4301,login_access
CB-6423,email,Free,North America,Not sure if this is the right place but New columns we added upstream never appear here. Our admin has already tried the usual steps.,high,bug_ui,0.686,data_sync
CB-7015,in-app,Free,APAC,Second time asking about this. The HubSpot integration maps our fields to the wrong ones. Our admin has already tried the usual steps. Any help appreciated.,normal,integrations,0.642,integrations
CB-6061,phone,Team,EMEA,Quick one: I removed four users but the invoice still shows the old headcount. Fairly low priority. Please escalate if needed.,urgent,billing_plan,0.5154,billing_plan
CB-6014,chat,Free,EMEA,"Hi team, We were charged twice this month for the same seats. Our admin has already tried the usual steps. Fairly low priority. Screenshot attached.",urgent,billing_plan,0.9805,billing_plan
CB-7039,in-app,Free,APAC,"Hello, The Jira integration creates tickets in the wrong project. No rush on this one.",urgent,integrations,0.4934,integrations
CB-6881,chat,Team,APAC,The webhook payload changed and broke our parser.,normal,integrations,0.945,integrations
CB-6437,phone,Team,LATAM,Reporting on behalf of my team: The nightly sync silently stopped three days ago. Reproduced on two machines. Ticket reference from last time was in the thread.,normal,performance,0.5667,data_sync
CB-6302,chat,Enterprise,LATAM,the chart legend shows colours that do not match the bars,normal,bug_ui,0.9901,bug_ui
CB-7148,phone,Business,North America,We want to enforce SSO only and disable password sign-in. Not blocking but annoying.,normal,login_access,0.8496,login_access
CB-6603,email,Team,APAC,Second time asking about this. Please support custom colour palettes for accessibility. This started yesterday. No rush on this one.,high,feature_request,0.3695,feature_request
CB-6910,in-app,Free,EMEA,Quick one: The Zapier trigger fires twice for one event. Please advise.,normal,how_to,0.4481,integrations
CB-6331,chat,Free,EMEA,The icon for archive and the icon for delete are identical. Only happens for our EMEA users. Please treat as high priority. Thanks in advance.,low,bug_ui,0.704,bug_ui
CB-6316,email,Enterprise,North America,Second time asking about this. The date picker will not let me select anything before 2024. Let me know.,urgent,bug_ui,0.3318,bug_ui
CB-6956,in-app,Team,LATAM,"Hi, The Looker connection cannot see our new tables.",low,bug_ui,0.5904,integrations
CB-6814,phone,Enterprise,North America,"Morning, How do I compare this quarter to the same quarter last year? Our admin has already tried the usual steps. Thanks in advance.",normal,bug_ui,0.3916,how_to
CB-6531,email,Business,LATAM,A way to bookmark frequently used filters would save us time. Let me know.,high,how_to,0.8644,feature_request
CB-6654,email,Enterprise,North America,Reporting on behalf of my team: We would like to see a changelog inside the product. Please treat as high priority. Please escalate if needed.,urgent,bug_ui,0.4094,feature_request
CB-6790,email,Business,LATAM,How do I export just the filtered rows and not everything? Please escalate if needed.,urgent,how_to,0.9378,how_to
CB-6556,email,Enterprise,APAC,Quick one: We need the ability to set a retention policy per workspace.,high,feature_request,0.8335,feature_request
CB-6617,email,Enterprise,LATAM,Not sure if this is the right place but An audit log we can export would help our compliance review. Nothing changed on our side. We need this resolved before month end.,normal,bug_ui,0.3911,feature_request
CB-6833,phone,Enterprise,LATAM,Following up: How do I give someone view-only access without using a full seat? We are on the Team plan.,urgent,how_to,0.8262,how_to
CB-6695,in-app,Enterprise,LATAM,Raising this again: We would like usage analytics per dashboard. We are on the Team plan. Happy to jump on a call if easier.,normal,integrations,0.3907,feature_request
CB-6923,phone,Business,APAC,Our custom connector is throttled harder than the official one.,low,integrations,0.7089,integrations
CB-6973,in-app,Business,APAC,Reporting on behalf of my team: The connector requires permissions our security team will not approve. Not blocking but annoying.,low,integrations,0.7806,integrations
CB-6796,email,Team,APAC,raising this again: is there a way to bulk edit records?,normal,feature_request,0.4665,how_to
CB-6719,phone,Business,LATAM,"Morning, How do I set up a read-only account for our auditor? Fairly low priority.",urgent,how_to,0.8828,how_to
CB-6051,phone,Team,LATAM,"Morning, The payment page rejects our corporate card as invalid. This started yesterday.",normal,billing_plan,0.9855,billing_plan
CB-6236,email,Business,North America,The dialog cannot be dismissed with the escape key. This started yesterday. Not blocking but annoying. Please escalate if needed.,high,login_access,0.3183,bug_ui
CB-6272,chat,Enterprise,EMEA,Hey The table sorts numbers as if they were text. Not blocking but annoying.,high,bug_ui,0.9901,bug_ui
CB-6728,phone,Business,LATAM,"Hi, What is the best way to structure folders for a large team?",low,how_to,0.9235,how_to
CB-7240,phone,Enterprise,North America,"morning, the autosave blocks typing while it runs",low,performance,0.9059,performance
CB-6560,in-app,Enterprise,North America,Reporting on behalf of my team: Can you add keyboard shortcuts for the common actions? No rush on this one.,low,how_to,0.6002,feature_request
CB-6832,in-app,Team,EMEA,"Hello, Can I download the raw data behind a chart? This is blocking our weekly reporting.",urgent,bug_ui,0.6303,how_to
CB-7210,email,Business,APAC,"Hi, I need to transfer the owner role, the previous owner has left. Thanks!",high,how_to,0.6625,login_access
CB-6777,email,Enterprise,North America,Can I download the raw data behind a chart? Thanks!,urgent,bug_ui,0.4117,how_to
CB-6082,email,Business,APAC,Hey We need a quote for adding thirty seats next quarter.,normal,feature_request,0.6014,billing_plan
CB-6060,phone,Free,EMEA,Following up: The plan comparison page and the checkout page show different prices.,urgent,bug_ui,0.5746,billing_plan
CB-6921,chat,Business,EMEA,The connector needs a static IP and we cannot get one.,normal,feature_request,0.6105,integrations
CB-6905,in-app,Team,LATAM,"Morning, The Stripe integration reports different totals to Stripe itself.",normal,bug_ui,0.7305,integrations
CB-6327,email,Enterprise,EMEA,The tooltip covers the value it is describing. Let me know.,high,bug_ui,0.2554,bug_ui
CB-6463,in-app,Free,EMEA,Second time asking about this. Records with special characters are dropped entirely. We are on the Team plan.,low,bug_ui,0.4576,data_sync
CB-6143,phone,Enterprise,LATAM,Quick one: We are being billed for a sandbox account we never use.,normal,billing_plan,0.9771,billing_plan
CB-6562,in-app,Business,APAC,Sorry to bother you but We would like a mobile widget for our key metric. Please advise.,urgent,how_to,0.7998,feature_request
CB-6324,phone,Free,LATAM,Hey The number formatting uses commas and periods inconsistently. No rush on this one.,normal,bug_ui,0.9506,bug_ui
CB-7346,in-app,Business,LATAM,Sorry to bother you but The mobile app takes fifteen seconds to open a saved view. Please treat as high priority. We need this resolved before month end.,low,performance,0.9523,performance
CB-6286,chat,Enterprise,EMEA,The print layout cuts the table in half. We are on the Team plan.,high,bug_ui,0.9678,bug_ui
CB-6280,chat,Business,LATAM,Following up: The percentage column shows values above one hundred. Happy to jump on a call if easier.,normal,bug_ui,0.6126,bug_ui
CB-6342,phone,Free,APAC,"Hello, The required field marker is missing on two fields.",high,bug_ui,0.7893,bug_ui
CB-7031,email,Enterprise,EMEA,"Morning, The connector cannot handle our custom object names.",urgent,integrations,0.7112,integrations
CB-6644,in-app,Enterprise,EMEA,quick one: we need version history on dashboards,high,bug_ui,0.4324,feature_request
CB-6087,email,Enterprise,APAC,reporting on behalf of my team: our card was declined and i cannot find where to update it,normal,billing_plan,0.4824,billing_plan
CB-7192,in-app,Free,North America,"Hello, The email on my account is wrong and I cannot receive the verification code. Let me know.",normal,login_access,0.9303,login_access
CB-6595,phone,Business,North America,"raising this again: we need alerts that trigger on a rate of change, not just a level",high,feature_request,0.7799,feature_request
CB-7304,in-app,Team,LATAM,"Hello, Loading a shared link is slower than opening it from inside the app. Any help appreciated.",normal,performance,0.8918,performance
CB-6743,phone,Free,North America,How do I archive a workspace without deleting it?,high,how_to,0.99,how_to
CB-6136,in-app,Free,North America,We need to move billing to a different legal entity.,normal,billing_plan,0.9148,billing_plan
CB-6961,email,Business,APAC,"Hello, The Google Sheets export stops at five thousand rows.",normal,bug_ui,0.5915,integrations
CB-6114,phone,Enterprise,LATAM,Hey The tax exemption certificate we uploaded is being ignored. Screenshot attached.,normal,bug_ui,0.6296,billing_plan
CB-6659,in-app,Free,LATAM,Quick one: Please let us set alert thresholds per team rather than globally. We are on the Team plan.,high,how_to,0.9547,feature_request
CB-6347,email,Business,EMEA,"hello, the checkbox in the header selects only the visible rows without saying so",normal,bug_ui,0.613,bug_ui
CB-6536,in-app,Business,North America,hey we need a way to annotate a spike so context is not lost,urgent,feature_request,0.7655,feature_request
CB-6391,phone,Team,EMEA,"Morning, Our date fields are being read as American format when they are European. Ticket reference from last time was in the thread.",normal,bug_ui,0.8838,data_sync
CB-6198,email,Free,APAC,hey the sidebar collapses every time i navigate,low,bug_ui,0.7137,bug_ui
CB-6015,email,Free,LATAM,"Morning, We need a quote for adding thirty seats next quarter. Only happens for our EMEA users. Happy to jump on a call if easier.",normal,feature_request,0.6359,billing_plan
CB-6206,phone,Business,North America,"Hello, The mobile layout overlaps two buttons so I hit the wrong one. Thanks in advance.",high,how_to,0.4067,bug_ui
CB-6646,email,Business,North America,Not sure if this is the right place but We want to be able to pin a note to the top of a workspace. Please treat as high priority.,urgent,feature_request,0.7523,feature_request
CB-6135,email,Team,EMEA,Second time asking about this. The subscription shows as past due but the payment cleared. Not blocking but annoying. We need this resolved before month end.,urgent,billing_plan,0.9756,billing_plan
CB-7252,in-app,Business,EMEA,Quick one: The bulk import processes about one record per second. This is urgent.,high,data_sync,0.5247,performance
CB-6907,in-app,Free,North America,The webhook signature verification always fails.,low,integrations,0.8701,integrations
CB-6064,in-app,Enterprise,EMEA,Reporting on behalf of my team: The annual discount we agreed in the contract was not applied. Please treat as high priority. Any help appreciated.,urgent,billing_plan,0.571,billing_plan
CB-7196,email,Team,APAC,"Hi, Our contractor accounts expired early and they need access back. Ticket reference from last time was in the thread.",high,login_access,0.9552,login_access
CB-6853,email,Team,APAC,Where do I see our usage against the plan limit?,low,bug_ui,0.5699,how_to
CB-7233,phone,Team,EMEA,Our overnight batch now overruns into working hours. This is blocking our weekly reporting.,urgent,performance,0.5786,performance
CB-6174,email,Enterprise,LATAM,"Hi team, We are charged in advance but the contract says in arrears.",high,billing_plan,0.98,billing_plan
CB-7153,phone,Free,North America,not sure if this is the right place but the 2fa qr code will not scan and there is no manual key,normal,bug_ui,0.2532,login_access
CB-7381,in-app,Team,LATAM,Hey Our overnight batch now overruns into working hours. Happens roughly half the time.,normal,bug_ui,0.6157,performance
CB-6056,chat,Free,APAC,"Hello, The credit from last month's outage was never applied.",high,billing_plan,0.7598,billing_plan
CB-6370,chat,Enterprise,LATAM,currency amounts are off by a factor of one hundred,urgent,bug_ui,0.9912,data_sync
CB-6869,email,Business,LATAM,"Hello, How do I move a dashboard to a different owner? It worked fine last week.",high,how_to,0.9928,how_to
CB-6696,in-app,Free,LATAM,Raising this again: We need version history on dashboards. Let me know.,low,bug_ui,0.4143,feature_request
CB-6430,email,Enterprise,LATAM,Second time asking about this. Our custom fields lose their values on every sync. Reproduced on two machines.,low,bug_ui,0.5957,data_sync
CB-6202,in-app,Enterprise,APAC,Following up: The filter chip says active when nothing is filtered. Nothing changed on our side. This is urgent.,low,bug_ui,0.4504,bug_ui
CB-6775,chat,Business,LATAM,Raising this again: What is the right way to share a dashboard outside the company?,normal,how_to,0.8352,how_to
CB-6893,phone,Team,EMEA,Following up: The outbound webhook does not include the record identifier. Thanks!,low,integrations,0.9079,integrations
CB-6123,in-app,Team,LATAM,"Hello, The invoice email goes to a person who left the company. No rush on this one.",normal,billing_plan,0.9875,billing_plan
CB-6462,in-app,Enterprise,LATAM,"hi team, the sync skipped an entire month of records",urgent,performance,0.3604,data_sync
CB-6361,in-app,Enterprise,APAC,"Morning, Our custom fields lose their values on every sync.",urgent,bug_ui,0.5371,data_sync
CB-7150,in-app,Business,LATAM,Following up: Too many failed attempts and now the account is locked. Please escalate if needed.,urgent,login_access,0.9245,login_access
CB-6189,in-app,Business,APAC,the print layout cuts the table in half,urgent,bug_ui,0.962,bug_ui
CB-7352,chat,Enterprise,North America,Raising this again: Typing in a long text field lags behind by half a second. Thanks in advance.,normal,performance,0.9442,performance
CB-7263,email,Business,APAC,"Morning, Our largest account cannot open its own dashboard at all. Can someone take a look?",low,login_access,0.3115,performance
CB-7228,chat,Enterprise,LATAM,Queries that finish quickly in the console time out in the UI. Our admin has already tried the usual steps. Please treat as high priority. We need this resolved before month end.,urgent,performance,0.8998,performance
CB-6895,phone,Enterprise,LATAM,Reporting on behalf of my team: Our API key stopped working with no notice. Our admin has already tried the usual steps.,urgent,integrations,0.7867,integrations
CB-6558,chat,Team,APAC,Sorry to bother you but We want a sandbox environment to test changes safely. Let me know.,urgent,feature_request,0.6565,feature_request
CB-6726,in-app,Free,North America,"Hi team, Can I group by two fields at once? Let me know.",urgent,how_to,0.9232,how_to
CB-7010,email,Free,North America,Hey The integration works in sandbox but not in production.,high,integrations,0.7978,integrations
CB-7180,in-app,Team,North America,Second time asking about this. Two people share a login and we need to split it into separate accounts. Please advise.,high,login_access,0.688,login_access
CB-7204,phone,Team,North America,We are getting rate limited on the sign-in endpoint during standup. We are on the Team plan. Screenshot attached.,urgent,bug_ui,0.4056,login_access
CB-6147,email,Free,LATAM,Reporting on behalf of my team: We need to split one invoice across two cost centres. This is blocking our weekly reporting. Happy to jump on a call if easier.,normal,bug_ui,0.4076,billing_plan
CB-6848,phone,Free,APAC,"Hello, Can I set a metric to alert me when it drops?",low,how_to,0.6843,how_to
CB-6559,chat,Business,North America,Raising this again: Please add a way to bulk reassign ownership when someone leaves. Please advise.,low,feature_request,0.6449,feature_request
CB-6399,chat,Enterprise,APAC,"Hi, The row counts do not match our warehouse. Any help appreciated.",high,bug_ui,0.9895,data_sync
CB-7118,chat,Enterprise,EMEA,Raising this again: Authenticator codes are being rejected even after resyncing. No rush on this one.,normal,login_access,0.7367,login_access
CB-7270,in-app,Business,LATAM,Sorry to bother you but The app slows to a crawl when a colleague is editing the same view. Please treat as high priority. Any help appreciated.,low,performance,0.968,performance
CB-6682,in-app,Business,APAC,Hey We need the ability to set a retention policy per workspace. I have cleared cache and tried incognito. Please advise.,normal,feature_request,0.8168,feature_request
CB-7107,email,Free,APAC,Following up: We are getting rate limited on the sign-in endpoint during standup. We are on the Team plan. Please escalate if needed.,normal,login_access,0.4799,login_access
CB-6192,chat,Business,LATAM,Sorry to bother you but The tab order jumps to the footer in the middle of the form. Fairly low priority.,low,bug_ui,0.8188,bug_ui
CB-7051,email,Free,LATAM,raising this again: we see an account suspended banner even though the invoice is paid,high,billing_plan,0.5053,login_access
CB-7017,chat,Free,APAC,sorry to bother you but the looker connection cannot see our new tables,urgent,bug_ui,0.7139,integrations
CB-6418,chat,Business,LATAM,"Hello, Currency amounts are off by a factor of one hundred.",urgent,bug_ui,0.9851,data_sync
CB-7225,email,Enterprise,North America,"Hi team, Our SCIM provisioning stopped creating new users last Tuesday.",low,performance,0.563,login_access
CB-7319,chat,Enterprise,LATAM,Queries slow down dramatically once we pass a million rows. Our admin has already tried the usual steps. Can someone take a look?,high,performance,0.9365,performance
CB-7156,phone,Enterprise,EMEA,"Hi, Someone who left the company still has an active account.",low,login_access,0.9186,login_access
CB-7147,email,Free,EMEA,Not sure if this is the right place but The account recovery flow asks a security question we never set.,high,login_access,0.8309,login_access
CB-6953,in-app,Free,EMEA,quick one: the api error messages give no detail we can act on,normal,integrations,0.9064,integrations
CB-6054,chat,Business,LATAM,Second time asking about this. We are being billed for a sandbox account we never use. Screenshot attached.,normal,billing_plan,0.951,billing_plan
CB-6474,email,Enterprise,LATAM,Raising this again: The deduplication rule is merging two genuinely different customers. This started yesterday. Not blocking but annoying. Ticket reference from last time was in the thread.,normal,bug_ui,0.472,data_sync
CB-7344,in-app,Enterprise,LATAM,Quick one: The product is fine for one user but crawls with twenty. It worked fine last week. Ticket reference from last time was in the thread.,urgent,performance,0.9152,performance
CB-7320,email,Enterprise,APAC,Second time asking about this. Charts render one at a time instead of together. Happy to jump on a call if easier.,normal,bug_ui,0.802,performance
CB-6849,in-app,Business,APAC,Second time asking about this. How do I compare this quarter to the same quarter last year? This started yesterday.,normal,bug_ui,0.5432,how_to
CB-6621,chat,Enterprise,APAC,Reporting on behalf of my team: Please add a way to bulk reassign ownership when someone leaves.,normal,feature_request,0.7399,feature_request
CB-6458,chat,Business,APAC,sorry to bother you but the deduplication rule is merging two genuinely different customers,high,bug_ui,0.4994,data_sync
CB-6326,chat,Enterprise,LATAM,"Morning, The tab order jumps to the footer in the middle of the form. It worked fine last week.",high,bug_ui,0.7884,bug_ui
CB-6607,in-app,Team,North America,Following up: Please add support for our region's date format. We are on the Team plan.,high,feature_request,0.805,feature_request
CB-7159,chat,Business,APAC,raising this again: sessions keep dropping on safari but not on chrome,high,performance,0.6873,login_access
CB-6271,phone,Enterprise,LATAM,"hi team, text is white on white in dark mode",normal,bug_ui,0.5329,bug_ui
CB-6150,chat,Business,EMEA,Following up: Our purchase order number is missing from the invoice. Only happens for our EMEA users.,urgent,billing_plan,0.9121,billing_plan
CB-7161,in-app,Business,North America,"Not sure if this is the right place but The password reset email never arrives, I have checked spam. Thanks in advance.",normal,login_access,0.7687,login_access
CB-6507,in-app,Enterprise,LATAM,Following up: Changes made here are not written back upstream. This started yesterday.,high,bug_ui,0.2555,data_sync
CB-6199,chat,Enterprise,North America,"Morning, The checkbox in the header selects only the visible rows without saying so. No rush on this one. Ticket reference from last time was in the thread.",urgent,how_to,0.4767,bug_ui
CB-7383,phone,Free,APAC,Quick one: The app uses several gigabytes of memory after an hour. Any help appreciated.,low,performance,0.6228,performance
CB-7063,email,Business,APAC,The account switcher shows an organisation we no longer belong to.,normal,login_access,0.9114,login_access
CB-6030,phone,Team,APAC,Hey The receipt shows a currency we do not use.,high,bug_ui,0.4957,billing_plan
CB-6744,in-app,Business,LATAM,Following up: How do I give someone view-only access without using a full seat? Nothing changed on our side.,high,how_to,0.7707,how_to
CB-7105,chat,Team,EMEA,Following up: Our SAML certificate expired and nobody on the team can authenticate.,high,login_access,0.2998,login_access
CB-7092,phone,Free,North America,"Hello, The admin console will not let me reset another user's password. Ticket reference from last time was in the thread.",normal,login_access,0.9141,login_access
CB-6529,chat,Team,North America,Can you add a way to snooze a notification? Can someone take a look?,high,feature_request,0.5411,feature_request
CB-7236,phone,Enterprise,APAC,The app becomes unresponsive while a background job runs.,low,performance,0.9635,performance
CB-6495,in-app,Enterprise,LATAM,Raising this again: The nightly sync silently stopped three days ago. Can someone take a look?,normal,performance,0.6361,data_sync
CB-6821,chat,Business,North America,reporting on behalf of my team: how do i test a change without affecting the live dashboard?,urgent,how_to,0.8388,how_to
CB-6389,in-app,Free,EMEA,"Hi, The sync reports success but the record count is zero. This is urgent. Ticket reference from last time was in the thread.",normal,data_sync,0.59,data_sync
CB-6568,phone,Business,APAC,"Hi, Can you add a diff view between two time periods? I have cleared cache and tried incognito.",low,feature_request,0.8794,feature_request
CB-7139,chat,Free,EMEA,"Hi, Authenticator codes are being rejected even after resyncing.",normal,login_access,0.9146,login_access
CB-6020,in-app,Team,North America,Raising this again: I removed four users but the invoice still shows the old headcount. Screenshot attached.,normal,billing_plan,0.4673,billing_plan
CB-6441,email,Enterprise,LATAM,Reporting on behalf of my team: The row counts do not match our warehouse.,normal,bug_ui,0.9877,data_sync
CB-7397,in-app,Free,APAC,Second time asking about this. The loading spinner runs indefinitely with no error. Fairly low priority.,normal,performance,0.8566,performance
CB-6946,email,Team,APAC,Raising this again: The Zapier trigger fires twice for one event.,normal,integrations,0.5438,integrations
CB-6448,phone,Business,EMEA,The sync brings in test records from our staging environment.,normal,integrations,0.4512,data_sync
CB-6248,chat,Team,LATAM,"Hello, The modal opens behind the page overlay so I cannot click it. Can someone take a look?",high,how_to,0.6529,bug_ui
CB-7194,chat,Team,LATAM,Quick one: The magic link always lands on a token invalid page.,normal,login_access,0.3383,login_access
CB-6894,email,Enterprise,EMEA,The service account hit a permission wall after your last update.,low,login_access,0.5374,integrations
CB-6692,email,Business,North America,Raising this again: Can you add a diff view between two time periods? Reproduced on two machines.,normal,feature_request,0.808,feature_request
CB-6979,phone,Free,LATAM,Sorry to bother you but The connector cannot handle our custom object names.,normal,integrations,0.7589,integrations
CB-6097,in-app,Free,APAC,"Hi, The auto-renew date moved forward by a month unexpectedly.",normal,bug_ui,0.512,billing_plan
CB-7110,in-app,Business,North America,desktop sign-in works but the mobile app rejects the same password,low,login_access,0.958,login_access
CB-6416,phone,Free,APAC,Quick one: The sync brings in test records from our staging environment. It affects about a dozen people.,low,data_sync,0.4841,data_sync
CB-7267,chat,Enterprise,LATAM,Second time asking about this. The app is fast on our office network and slow on VPN. Any help appreciated.,urgent,performance,0.8296,performance
CB-6162,in-app,Business,EMEA,"Hello, Please cancel the renewal, we are not continuing next year. This is blocking our weekly reporting.",low,billing_plan,0.8224,billing_plan
CB-7201,chat,Business,LATAM,"hi team, the domain capture feature grabbed accounts that are not ours",normal,login_access,0.5859,login_access
CB-7335,email,Free,APAC,raising this again: the page freezes completely while a filter applies,high,performance,0.8559,performance
CB-6287,email,Business,EMEA,"Hello, The breadcrumb shows a folder that no longer exists. Fairly low priority. Thanks!",normal,login_access,0.3116,bug_ui
CB-7394,chat,Free,APAC,Not sure if this is the right place but Dashboards take over a minute to load in the morning. Can someone take a look?,low,performance,0.8056,performance
CB-7287,in-app,Team,LATAM,"hi team, server response times spike every hour on the hour",low,performance,0.7471,performance
CB-6782,phone,Free,LATAM,following up: what is the correct order to set up a new team?,normal,how_to,0.9764,how_to
CB-6355,email,Business,APAC,"Hi, The sync brings in test records from our staging environment.",normal,integrations,0.4963,data_sync
CB-6574,chat,Enterprise,LATAM,We need an approval step before a dashboard is shared externally.,normal,feature_request,0.4055,feature_request
CB-7162,email,Free,EMEA,second time asking about this role permissions reset themselves to viewer overnight,normal,login_access,0.373,login_access
CB-7073,phone,Team,APAC,"hey the password reset email never arrives, i have checked spam",high,login_access,0.6374,login_access
CB-7268,phone,Team,APAC,Duplicating a large dashboard takes several minutes. Happy to jump on a call if easier.,normal,performance,0.6199,performance
CB-6201,phone,Business,North America,not sure if this is the right place but the back button takes me out of the app entirely,urgent,how_to,0.3113,bug_ui
CB-6084,in-app,Free,EMEA,Quick one: The payment page rejects our corporate card as invalid.,urgent,billing_plan,0.9271,billing_plan
CB-6652,phone,Free,EMEA,"Hello, Can you add a diff view between two time periods?",normal,feature_request,0.9499,feature_request
CB-7257,in-app,Free,LATAM,"Hello, The product is fine for one user but crawls with twenty. Reproduced on two machines.",normal,performance,0.8832,performance
CB-6074,phone,Enterprise,LATAM,our purchase order number is missing from the invoice,normal,billing_plan,0.7846,billing_plan
CB-6034,phone,Team,North America,The invoice email goes to a person who left the company. It affects about a dozen people. Fairly low priority.,urgent,billing_plan,0.9937,billing_plan
CB-6133,chat,Free,North America,Not sure if this is the right place but The receipt shows a currency we do not use. Reproduced on two machines. Not blocking but annoying. Ticket reference from last time was in the thread.,urgent,billing_plan,0.765,billing_plan
CB-7008,in-app,Enterprise,North America,The Stripe integration reports different totals to Stripe itself.,high,bug_ui,0.6751,integrations
CB-6090,chat,Enterprise,EMEA,I need a W-9 and an itemised invoice for accounting.,normal,billing_plan,0.8619,billing_plan
CB-6981,phone,Enterprise,LATAM,Second time asking about this. The API returns a different shape than the docs describe. Thanks!,normal,integrations,0.8831,integrations
CB-6293,phone,Free,LATAM,"Hi, The required field marker is missing on two fields.",low,bug_ui,0.7877,bug_ui
CB-6638,chat,Enterprise,APAC,"Please allow scheduling at a specific minute, not just the hour. It worked fine last week. We need this resolved before month end.",low,how_to,0.884,feature_request
CB-6699,phone,Enterprise,North America,Quick one: We would like to see a changelog inside the product. I have cleared cache and tried incognito. Happy to jump on a call if easier.,normal,integrations,0.5129,feature_request
CB-6259,email,Enterprise,LATAM,The form loses everything I typed if validation fails.,high,bug_ui,0.2354,bug_ui
CB-6736,chat,Enterprise,LATAM,Where do I see our usage against the plan limit? Reproduced on two machines.,low,bug_ui,0.837,how_to
CB-7289,chat,Business,APAC,"Morning, Queries slow down dramatically once we pass a million rows.",low,performance,0.8464,performance
CB-7303,in-app,Team,EMEA,"Hi, The mobile app takes fifteen seconds to open a saved view. Please advise.",low,performance,0.6402,performance
CB-6164,email,Business,APAC,Quick one: The invoice email goes to a person who left the company. Our admin has already tried the usual steps.,normal,billing_plan,0.9706,billing_plan
CB-6005,email,Team,APAC,Our spend has doubled and we cannot see what drove it.,normal,bug_ui,0.5046,billing_plan
CB-6089,email,Enterprise,EMEA,raising this again: the receipt shows a currency we do not use,normal,bug_ui,0.5976,billing_plan
CB-6548,in-app,Business,EMEA,sorry to bother you but we need to be able to rename fields without breaking existing views,high,feature_request,0.4585,feature_request
CB-6836,chat,Business,LATAM,Following up: Can I tag records and filter by tag later?,normal,how_to,0.5535,how_to
CB-6346,chat,Free,LATAM,"Hi, The chart legend shows colours that do not match the bars.",low,bug_ui,0.9937,bug_ui
CB-6121,in-app,Free,EMEA,sorry to bother you but the tax exemption certificate we uploaded is being ignored,high,bug_ui,0.7409,billing_plan
CB-6739,chat,Free,North America,"Hello, Can I restrict a field so only managers see it?",normal,how_to,0.9393,how_to
CB-7329,in-app,Enterprise,LATAM,The app uses several gigabytes of memory after an hour. Let me know.,normal,performance,0.6367,performance
CB-7385,in-app,Team,EMEA,Sorry to bother you but Filtering by date range on a year of data never returns. It worked fine last week. Thanks!,normal,bug_ui,0.8237,performance
CB-6468,chat,Business,LATAM,Hey Deleted records come back on the next run. Reproduced on two machines. Ticket reference from last time was in the thread.,normal,bug_ui,0.621,data_sync
CB-7016,phone,Free,North America,Our custom connector is throttled harder than the official one. This is blocking our weekly reporting.,urgent,integrations,0.4785,integrations
CB-6834,in-app,Business,North America,"Hi team, How do I duplicate a dashboard into another workspace? Happy to jump on a call if easier.",high,how_to,0.9803,how_to
CB-6241,chat,Business,EMEA,Reporting on behalf of my team: The mobile layout overlaps two buttons so I hit the wrong one. We are on the Team plan.,high,bug_ui,0.6347,bug_ui
CB-6157,chat,Enterprise,North America,"Hi, Our billing contact cannot access the billing settings page.",normal,billing_plan,0.3139,billing_plan
CB-6516,phone,Team,LATAM,two connectors write to the same table and conflict,urgent,integrations,0.4968,data_sync
CB-6569,chat,Team,North America,"Morning, We need the ability to comment directly on a chart.",normal,feature_request,0.7213,feature_request
CB-6766,chat,Business,EMEA,Second time asking about this. What is the correct order to set up a new team? No rush on this one.,normal,how_to,0.9613,how_to
CB-6795,email,Business,APAC,"morning, where do i change the default timezone for everyone?",normal,how_to,0.9874,how_to
CB-7215,chat,Enterprise,North America,"Morning, I cannot sign in, it says my password is wrong but I never changed it. It worked fine last week. Thanks!",urgent,login_access,0.9926,login_access
CB-6684,chat,Free,APAC,Not sure if this is the right place but We would like row-level permissions. Reproduced on two machines.,high,feature_request,0.4642,feature_request
CB-7306,phone,Business,North America,Loading a shared link is slower than opening it from inside the app.,normal,performance,0.896,performance
CB-6285,chat,Free,APAC,Sorry to bother you but The modal opens behind the page overlay so I cannot click it. Not blocking but annoying.,low,bug_ui,0.3026,bug_ui
CB-6081,phone,Business,EMEA,Not sure if this is the right place but We cannot tell from the invoice which team the seats belong to. Happy to jump on a call if easier.,high,billing_plan,0.71,billing_plan
CB-7023,email,Team,APAC,The webhook returns a 500 and we cannot see why.,normal,integrations,0.8748,integrations
CB-7099,phone,Enterprise,EMEA,The sign-in page shows a blank screen on our locked-down browsers. This started yesterday. We need this resolved before month end.,low,login_access,0.9823,login_access
CB-6988,phone,Free,EMEA,The webhook retries flood our endpoint after one failure. Reproduced on two machines.,low,integrations,0.885,integrations
CB-6321,phone,Enterprise,APAC,"Hi team, The table sorts numbers as if they were text.",high,bug_ui,0.9182,bug_ui
CB-7343,email,Team,LATAM,Sorry to bother you but The app becomes unresponsive while a background job runs.,urgent,performance,0.9684,performance
CB-6508,chat,Business,APAC,"Morning, Records with special characters are dropped entirely.",urgent,bug_ui,0.6752,data_sync
CB-6670,phone,Business,APAC,"Hello, We want a sandbox environment to test changes safely. I have cleared cache and tried incognito.",low,how_to,0.7871,feature_request
CB-6181,chat,Enterprise,EMEA,The chart legend shows colours that do not match the bars.,urgent,bug_ui,0.9893,bug_ui
CB-6523,email,Team,EMEA,The row counts do not match our warehouse. We need this resolved before month end.,normal,bug_ui,0.9847,data_sync
CB-7121,chat,Team,EMEA,Not sure if this is the right place but Someone who left the company still has an active account. Screenshot attached.,urgent,login_access,0.8391,login_access
CB-6817,in-app,Free,EMEA,"Hi, Can I hide a metric from a shared view without deleting it? This started yesterday. Please escalate if needed.",low,how_to,0.9574,how_to
CB-7277,chat,Business,EMEA,"Morning, The page freezes completely while a filter applies. Fairly low priority.",normal,performance,0.9521,performance
CB-6440,chat,Business,APAC,Reporting on behalf of my team: The reconciliation report shows a gap we cannot explain. Screenshot attached.,low,bug_ui,0.7309,data_sync
CB-6009,email,Free,EMEA,We are on a legacy plan and want to know what we lose by moving. It worked fine last week. Can someone take a look?,urgent,billing_plan,0.4724,billing_plan
CB-6847,chat,Free,LATAM,"Hi team, What happens to shared links when I archive a view? Any help appreciated.",low,how_to,0.6703,how_to
CB-6620,phone,Team,APAC,Can you add a diff view between two time periods? Happens roughly half the time.,urgent,feature_request,0.5877,feature_request
CB-7013,email,Business,LATAM,Reporting on behalf of my team: The connector needs a static IP and we cannot get one. This is blocking our weekly reporting.,urgent,integrations,0.7273,integrations
CB-6222,phone,Team,LATAM,Hey The print layout cuts the table in half. This is blocking our weekly reporting.,urgent,bug_ui,0.9714,bug_ui
CB-7293,email,Team,APAC,"Hi team, The save button takes so long people click it twice. Fairly low priority. Any help appreciated.",low,performance,0.9543,performance
CB-6299,in-app,Team,LATAM,Not sure if this is the right place but The chart axis starts at a non-zero value and exaggerates the trend. Only happens for our EMEA users. We need this resolved before month end.,urgent,bug_ui,0.9811,bug_ui
CB-6116,phone,Enterprise,EMEA,"Hello, We need a signed W-8 for our overseas entity.",normal,feature_request,0.3944,billing_plan
CB-6338,phone,Enterprise,APAC,"Hi, Keyboard focus is invisible so I cannot tab through the form. I have cleared cache and tried incognito.",high,how_to,0.6183,bug_ui
CB-7349,in-app,Enterprise,EMEA,The initial bundle download is enormous on our connection.,normal,bug_ui,0.286,performance
CB-6647,email,Business,APAC,Hey Can you support two-factor via hardware keys? We need this resolved before month end.,high,login_access,0.7142,feature_request
CB-6221,chat,Business,LATAM,Second time asking about this. The error message is a raw stack trace. Thanks!,low,bug_ui,0.4343,bug_ui
CB-7026,chat,Enterprise,EMEA,The connector authenticated but syncs no objects.,normal,integrations,0.7644,integrations
CB-6075,phone,Enterprise,APAC,Sorry to bother you but Our nonprofit discount application has had no response.,low,data_sync,0.3137,billing_plan
CB-6754,email,Team,EMEA,Reporting on behalf of my team: How do I merge two duplicate records?,low,how_to,0.9311,how_to
CB-6343,in-app,Business,North America,Quick one: Text is white on white in dark mode. Our admin has already tried the usual steps.,normal,bug_ui,0.4968,bug_ui
CB-6532,in-app,Team,APAC,second time asking about this we would like row-level permissions,high,login_access,0.3295,feature_request
CB-6173,in-app,Free,LATAM,"Morning, We want to switch from monthly to annual billing mid-term. Reproduced on two machines. Happy to jump on a call if easier.",low,billing_plan,0.9068,billing_plan
CB-6035,email,Free,APAC,"Hello, We need a signed W-8 for our overseas entity. Ticket reference from last time was in the thread.",urgent,feature_request,0.2725,billing_plan
CB-7205,email,Team,APAC,"morning, the 2fa qr code will not scan and there is no manual key",normal,login_access,0.2444,login_access
CB-6949,phone,Business,EMEA,Quick one: The Zendesk sync only works one way. Happens roughly half the time.,normal,bug_ui,0.5838,integrations
CB-6122,phone,Team,APAC,Not sure if this is the right place but The plan comparison page and the checkout page show different prices. Thanks in advance.,normal,billing_plan,0.4242,billing_plan
CB-7337,in-app,Team,LATAM,"Hello, Typing in a long text field lags behind by half a second. Happens roughly half the time. Fairly low priority.",urgent,performance,0.9732,performance
CB-7301,in-app,Free,North America,Quick one: The table only renders after every image has loaded.,normal,bug_ui,0.7367,performance
CB-6734,in-app,Business,LATAM,How do I test a change without affecting the live dashboard?,normal,how_to,0.9271,how_to
CB-6158,chat,Free,EMEA,Not sure if this is the right place but We cannot tell from the invoice which team the seats belong to.,normal,billing_plan,0.8478,billing_plan
CB-6307,phone,Free,LATAM,The save confirmation appears even when the save failed. It worked fine last week. No rush on this one. Any help appreciated.,urgent,bug_ui,0.4218,bug_ui
CB-6461,chat,Business,APAC,Quick one: Our timezone setting is ignored on scheduled syncs.,low,bug_ui,0.8004,data_sync
CB-6685,chat,Free,North America,Hey Please support custom colour palettes for accessibility. I have cleared cache and tried incognito. Happy to jump on a call if easier.,low,feature_request,0.8909,feature_request
CB-6218,in-app,Enterprise,North America,The date picker will not let me select anything before 2024. Please treat as high priority. Thanks in advance.,low,bug_ui,0.631,bug_ui
CB-6963,phone,Business,APAC,Quick one: The integration works in sandbox but not in production.,normal,integrations,0.794,integrations
CB-6460,phone,Team,EMEA,Hey Timestamps are coming through seven hours off. Reproduced on two machines.,high,bug_ui,0.9066,data_sync
CB-6819,email,Business,North America,Following up: How do I set up a recurring data refresh? I have cleared cache and tried incognito. Fairly low priority.,low,how_to,0.9384,how_to
CB-6354,phone,Enterprise,LATAM,"Hi team, New columns we added upstream never appear here. Nothing changed on our side.",urgent,bug_ui,0.6614,data_sync
CB-7269,email,Business,LATAM,Second time asking about this. Large reports fail with a gateway timeout.,urgent,performance,0.8247,performance
CB-6490,email,Team,North America,not sure if this is the right place but currency amounts are off by a factor of one hundred,urgent,bug_ui,0.9764,data_sync
CB-6608,chat,Free,APAC,We would like row-level permissions. Nothing changed on our side. Screenshot attached.,urgent,login_access,0.5831,feature_request
CB-6435,phone,Free,EMEA,Sorry to bother you but Nested records are flattened in a way that loses information.,low,bug_ui,0.9456,data_sync
CB-6246,phone,Team,EMEA,Quick one: The percentage column shows values above one hundred. Thanks in advance.,normal,bug_ui,0.8982,bug_ui
CB-6525,phone,Free,LATAM,"Morning, Text fields are truncated at 255 characters.",low,bug_ui,0.5502,data_sync
CB-6616,email,Team,APAC,Hey We need a way to see which dashboards depend on a given field.,low,feature_request,0.7681,feature_request
CB-7255,phone,Enterprise,EMEA,The search box hangs for several seconds on every keystroke.,urgent,performance,0.9834,performance
CB-7328,email,Enterprise,LATAM,"Hello, The app is much slower in Firefox than in Chrome. It affects about a dozen people.",normal,performance,0.9722,performance
CB-6485,chat,Free,EMEA,hey timestamps are coming through seven hours off,normal,bug_ui,0.8161,data_sync
CB-6842,phone,Team,APAC,Raising this again: How do I change the aggregation from sum to average? It worked fine last week.,normal,how_to,0.9636,how_to
CB-6612,email,Team,EMEA,We want a way to flag a metric as deprecated. I have cleared cache and tried incognito. Thanks!,urgent,bug_ui,0.4552,feature_request
CB-6779,phone,Enterprise,North America,"Hi, How do I test a change without affecting the live dashboard? No rush on this one. Any help appreciated.",urgent,how_to,0.9617,how_to
CB-7296,phone,Enterprise,APAC,"Morning, The mobile app is unusably slow on anything other than wifi.",high,performance,0.9723,performance
CB-7310,phone,Team,EMEA,"Hi, Switching between workspaces takes twenty seconds. We are on the Team plan.",low,performance,0.9354,performance
CB-7104,in-app,Free,North America,Not sure if this is the right place but Our IP allowlist is blocking our own office after the ISP changed our range.,normal,bug_ui,0.9015,login_access
CB-7064,chat,Team,LATAM,The magic link always lands on a token invalid page. We need this resolved before month end.,high,login_access,0.3927,login_access
CB-6179,in-app,Enterprise,LATAM,Reporting on behalf of my team: The required field marker is missing on two fields. Happens roughly half the time.,low,bug_ui,0.8211,bug_ui
CB-7379,email,Team,LATAM,the page freezes completely while a filter applies,normal,performance,0.8968,performance
CB-7311,chat,Enterprise,APAC,Second time asking about this. The bulk import processes about one record per second. Happens roughly half the time. Thanks in advance.,normal,performance,0.4289,performance
CB-7312,email,Free,North America,Sorry to bother you but The search box hangs for several seconds on every keystroke.,high,performance,0.9805,performance
CB-7028,in-app,Business,APAC,Not sure if this is the right place but The service account hit a permission wall after your last update. This started yesterday. Please advise.,low,login_access,0.4585,integrations
CB-6230,email,Team,North America,Not sure if this is the right place but The checkbox in the header selects only the visible rows without saying so.,high,bug_ui,0.8899,bug_ui
CB-7229,phone,Free,North America,"Hi team, The mobile app is unusably slow on anything other than wifi.",normal,performance,0.9705,performance
CB-6340,in-app,Team,APAC,"Hi team, The empty state says loading forever when there is simply no data. Our admin has already tried the usual steps.",high,performance,0.822,bug_ui
CB-6928,phone,Free,APAC,The Salesforce connector disconnects every few hours. Happens roughly half the time. We need this resolved before month end.,low,performance,0.4915,integrations
CB-7380,chat,Team,APAC,"Hello, Our largest account cannot open its own dashboard at all.",normal,login_access,0.3511,performance
CB-7184,in-app,Business,North America,"Sorry to bother you but I cannot sign in, it says my password is wrong but I never changed it. Please advise.",low,login_access,0.9809,login_access
CB-7163,chat,Business,APAC,"Hi, Our whole team lost SSO access after the weekend maintenance. Let me know.",normal,login_access,0.8452,login_access
CB-7067,chat,Enterprise,North America,"Hello, Too many failed attempts and now the account is locked. Our admin has already tried the usual steps. Can someone take a look?",normal,login_access,0.9741,login_access
CB-6512,in-app,Team,APAC,"hi team, the sync order means related records arrive before their parents",high,bug_ui,0.6001,data_sync
CB-6239,email,Enterprise,LATAM,Following up: The calendar starts the week on the wrong day for our region. We are on the Team plan. We need this resolved before month end.,high,bug_ui,0.5257,bug_ui
CB-6200,in-app,Free,North America,Pasting into the search field adds a trailing space that breaks it. Not blocking but annoying. Let me know.,high,login_access,0.7494,bug_ui
CB-7376,phone,Team,APAC,Reporting on behalf of my team: Server response times spike every hour on the hour.,normal,performance,0.8522,performance
CB-6837,chat,Enterprise,EMEA,Following up: Is there a way to bulk edit records?,urgent,how_to,0.4441,how_to
CB-6496,in-app,Business,APAC,"morning, the sync brings in test records from our staging environment",high,integrations,0.5042,data_sync
CB-7081,phone,Business,LATAM,Reporting on behalf of my team: Logging in on a second device signs me out of the first.,normal,login_access,0.8445,login_access
CB-6319,in-app,Free,North America,The sort arrow points the opposite way to the actual sort.,normal,bug_ui,0.8785,bug_ui
CB-6806,chat,Enterprise,APAC,Raising this again: How do I give a contractor access that expires automatically? It worked fine last week. Fairly low priority.,urgent,how_to,0.945,how_to
CB-6244,phone,Business,LATAM,Not sure if this is the right place but The chart legend shows colours that do not match the bars. Nothing changed on our side.,urgent,bug_ui,0.9834,bug_ui
CB-6787,phone,Team,APAC,"Hello, What is the best way to structure folders for a large team?",urgent,how_to,0.9238,how_to
CB-6156,in-app,Business,APAC,hey we were charged twice this month for the same seats,urgent,billing_plan,0.9732,billing_plan
CB-6604,chat,Enterprise,North America,Sorry to bother you but Please let us set a company-wide default chart style. Our admin has already tried the usual steps.,urgent,how_to,0.6181,feature_request
CB-6653,chat,Enterprise,APAC,Sorry to bother you but Can you add keyboard shortcuts for the common actions? This is urgent. Please escalate if needed.,normal,how_to,0.5667,feature_request
CB-6544,in-app,Business,APAC,"morning, an offline mode for the mobile app would be valuable on site visits",low,feature_request,0.8478,feature_request
CB-6191,chat,Business,LATAM,The table sorts numbers as if they were text. We are on the Team plan.,urgent,bug_ui,0.9846,bug_ui
CB-6706,email,Enterprise,APAC,Following up: How can I see who changed a dashboard and when? I have cleared cache and tried incognito.,urgent,how_to,0.4997,how_to
CB-6036,in-app,Free,APAC,"hi team, we cannot tell from the invoice which team the seats belong to",high,billing_plan,0.8813,billing_plan
CB-6106,chat,Free,APAC,Raising this again: Our billing contact cannot access the billing settings page. Please advise.,low,billing_plan,0.3467,billing_plan
CB-7030,chat,Enterprise,APAC,"Hi, The integration marketplace listing says available but the button does nothing. This is blocking our weekly reporting. Not blocking but annoying. Ticket reference from last time was in the thread.",urgent,integrations,0.7807,integrations
CB-6022,email,Enterprise,APAC,Our billing contact cannot access the billing settings page. We need this resolved before month end.,urgent,billing_plan,0.5849,billing_plan
CB-6318,email,Team,EMEA,"Hello, The truncated numbers drop the thousands separator. It affects about a dozen people.",high,bug_ui,0.9681,bug_ui
CB-6811,chat,Team,North America,Quick one: What is the recommended way to onboard fifty new users at once? Thanks!,urgent,how_to,0.8829,how_to
CB-6141,email,Free,LATAM,Reporting on behalf of my team: I removed four users but the invoice still shows the old headcount.,low,bug_ui,0.6343,billing_plan
CB-6924,phone,Free,LATAM,Reporting on behalf of my team: The outbound webhook does not include the record identifier. Nothing changed on our side.,low,integrations,0.66,integrations
CB-6602,phone,Free,EMEA,"Hi, Please add support for importing from a spreadsheet template. Happy to jump on a call if easier.",normal,feature_request,0.7403,feature_request
CB-6049,in-app,Business,North America,The usage overage charge is much larger than we expected. Ticket reference from last time was in the thread.,high,billing_plan,0.4856,billing_plan
CB-7389,chat,Business,North America,"Hi, Duplicating a large dashboard takes several minutes. Ticket reference from last time was in the thread.",low,performance,0.8072,performance
CB-6792,phone,Team,EMEA,Second time asking about this. What happens to shared links when I archive a view?,urgent,integrations,0.2895,how_to
CB-7230,in-app,Business,LATAM,Raising this again: Typing in a long text field lags behind by half a second. Happens roughly half the time.,normal,performance,0.9512,performance
CB-6625,chat,Business,LATAM,Raising this again: We need the ability to set a retention policy per workspace. Please treat as high priority. Happy to jump on a call if easier.,normal,feature_request,0.8508,feature_request
CB-6554,phone,Enterprise,LATAM,"Sorry to bother you but Please allow scheduling at a specific minute, not just the hour.",high,how_to,0.8828,feature_request
CB-6240,chat,Free,APAC,Second time asking about this. Deleting one widget scrambled the whole dashboard layout.,normal,bug_ui,0.9113,bug_ui
CB-6966,in-app,Team,North America,Second time asking about this. The HubSpot integration maps our fields to the wrong ones.,normal,bug_ui,0.4992,integrations
CB-6789,phone,Enterprise,APAC,Sorry to bother you but How do I archive a workspace without deleting it? It affects about a dozen people. Ticket reference from last time was in the thread.,urgent,how_to,0.9923,how_to
CB-6431,email,Enterprise,EMEA,Sorry to bother you but Two connectors write to the same table and conflict. Please treat as high priority. Any help appreciated.,urgent,integrations,0.8064,data_sync
CB-6991,in-app,Enterprise,APAC,Second time asking about this. Our SDK version is no longer supported and nothing warned us. Let me know.,normal,integrations,0.6077,integrations
CB-7033,in-app,Business,APAC,Raising this again: The integration logs are not retained long enough to debug. Our admin has already tried the usual steps. Thanks!,normal,integrations,0.7956,integrations
CB-7128,chat,Enterprise,North America,Role permissions reset themselves to viewer overnight. Ticket reference from last time was in the thread.,normal,login_access,0.3006,login_access
CB-6390,phone,Enterprise,LATAM,the sync ignores our filter and pulls every record,urgent,data_sync,0.7293,data_sync
CB-6825,chat,Enterprise,EMEA,Reporting on behalf of my team: Can I embed a chart in our internal wiki? This started yesterday.,urgent,feature_request,0.5355,how_to
CB-6773,phone,Free,APAC,Second time asking about this. Where do I see our usage against the plan limit? Only happens for our EMEA users. Any help appreciated.,urgent,bug_ui,0.7132,how_to
CB-6674,chat,Business,LATAM,Second time asking about this. Please support custom colour palettes for accessibility.,urgent,feature_request,0.3837,feature_request
CB-6118,in-app,Enterprise,EMEA,Second time asking about this. The proration on our upgrade looks wrong. Our admin has already tried the usual steps. Let me know.,low,bug_ui,0.5059,billing_plan
CB-6151,chat,Enterprise,North America,Not sure if this is the right place but Our spend has doubled and we cannot see what drove it. Please advise.,urgent,billing_plan,0.4702,billing_plan
CB-6804,chat,Free,EMEA,Quick one: How do I duplicate a dashboard into another workspace?,normal,how_to,0.9707,how_to
CB-6967,email,Free,EMEA,"hi team, the service account hit a permission wall after your last update",low,login_access,0.5314,integrations
CB-6498,phone,Free,EMEA,Not sure if this is the right place but Two connectors write to the same table and conflict.,normal,bug_ui,0.6878,data_sync
CB-7253,email,Team,North America,"Hi, The app uses several gigabytes of memory after an hour.",low,performance,0.6851,performance
CB-7238,phone,Free,APAC,Reporting on behalf of my team: The print view takes so long it fails.,normal,performance,0.7936,performance
CB-7324,phone,Team,North America,Sorry to bother you but The table only renders after every image has loaded. Please escalate if needed.,urgent,bug_ui,0.6383,performance
CB-6912,email,Business,North America,"Hello, The API returns a different shape than the docs describe. Our admin has already tried the usual steps.",high,integrations,0.8779,integrations
CB-7214,email,Team,North America,Not sure if this is the right place but Desktop sign-in works but the mobile app rejects the same password. Only happens for our EMEA users.,high,login_access,0.8747,login_access
CB-6426,chat,Team,North America,"Morning, We get stale data for one region only. This is blocking our weekly reporting. Not blocking but annoying. Ticket reference from last time was in the thread.",low,data_sync,0.5808,data_sync
CB-6763,in-app,Free,LATAM,Hey How do I set up a read-only account for our auditor? Reproduced on two machines. Please treat as high priority. Let me know.,urgent,how_to,0.8945,how_to
CB-6367,in-app,Enterprise,APAC,"Hello, Records with special characters are dropped entirely. It affects about a dozen people. We need this resolved before month end.",high,bug_ui,0.8502,data_sync
CB-6453,phone,Enterprise,EMEA,Sorry to bother you but New columns we added upstream never appear here. Fairly low priority. Happy to jump on a call if easier.,urgent,bug_ui,0.562,data_sync
CB-7295,phone,Team,North America,"Hello, The API takes four seconds for a request that used to take one. Our admin has already tried the usual steps. Fairly low priority.",urgent,performance,0.5008,performance
CB-6977,phone,Enterprise,APAC,Sorry to bother you but The API error messages give no detail we can act on. Please advise.,normal,integrations,0.9165,integrations
CB-7336,in-app,Team,EMEA,Exporting anything over ten thousand rows just times out. Please advise.,low,how_to,0.4136,performance
CB-6027,phone,Team,EMEA,"Hello, We want to pay by bank transfer instead of card. Only happens for our EMEA users. Can someone take a look?",low,billing_plan,0.5225,billing_plan
CB-6091,in-app,Business,LATAM,We are charged in advance but the contract says in arrears. This started yesterday. Thanks!,urgent,billing_plan,0.9802,billing_plan
CB-7171,in-app,Enterprise,APAC,Quick one: We want to enforce SSO only and disable password sign-in. This is urgent. Please advise.,low,login_access,0.5645,login_access
CB-6080,phone,Business,APAC,"Morning, The free trial converted to paid before we decided. Not blocking but annoying.",urgent,billing_plan,0.3576,billing_plan
CB-7373,in-app,Free,APAC,Scrolling a long table stutters badly.,normal,bug_ui,0.6339,performance
CB-6983,chat,Business,North America,Quick one: The integration was disabled automatically and nobody was told. Please advise.,normal,integrations,0.5276,integrations
CB-6681,email,Free,LATAM,Raising this again: Can you add an option to require a reason when data is deleted?,low,feature_request,0.9332,feature_request
CB-7001,email,Free,LATAM,The Zendesk sync only works one way. Nothing changed on our side. No rush on this one.,normal,integrations,0.4912,integrations
CB-6546,phone,Team,EMEA,Not sure if this is the right place but We need version history on dashboards. Screenshot attached.,normal,feature_request,0.4475,feature_request
CB-7167,chat,Enterprise,North America,"I replaced my phone and lost the 2FA device, now I am locked out. Happens roughly half the time. Let me know.",normal,login_access,0.9152,login_access
CB-6899,phone,Business,EMEA,Sorry to bother you but Our Okta app assignment does not propagate to your side. Ticket reference from last time was in the thread.,urgent,integrations,0.2217,integrations
CB-6050,email,Business,EMEA,Second time asking about this. The discount code from the conference does not work.,high,billing_plan,0.4111,billing_plan
CB-7351,chat,Free,LATAM,Sorry to bother you but Charts render one at a time instead of together.,urgent,bug_ui,0.9494,performance
CB-6312,email,Enterprise,APAC,"Hello, Keyboard focus is invisible so I cannot tab through the form.",urgent,how_to,0.8822,bug_ui
CB-6770,chat,Free,EMEA,"Morning, How do I duplicate a dashboard into another workspace?",low,how_to,0.9844,how_to
CB-6650,in-app,Enterprise,APAC,Reporting on behalf of my team: Please add support for our region's date format. Nothing changed on our side.,high,feature_request,0.8419,feature_request
CB-6632,chat,Business,EMEA,"hello, we need the ability to comment directly on a chart",normal,feature_request,0.7114,feature_request
CB-6497,in-app,Free,APAC,"hi, the schedule says hourly but it runs about once a day",urgent,bug_ui,0.9124,data_sync
CB-6041,phone,Enterprise,EMEA,Second time asking about this. We need a signed W-8 for our overseas entity. I have cleared cache and tried incognito.,high,bug_ui,0.2943,billing_plan
CB-6216,email,Business,APAC,"Hi, The save confirmation appears even when the save failed. It worked fine last week. Happy to jump on a call if easier.",high,integrations,0.5655,bug_ui
CB-6937,phone,Enterprise,APAC,Following up: Our API key stopped working with no notice. No rush on this one. Screenshot attached.,normal,integrations,0.8869,integrations
CB-7113,email,Free,EMEA,Raising this again: The session cookie is rejected when we use the product in an iframe. Thanks!,normal,integrations,0.3714,login_access
CB-6476,chat,Team,North America,Reporting on behalf of my team: The sync skipped an entire month of records.,high,bug_ui,0.8147,data_sync
CB-7044,email,Business,EMEA,second time asking about this the webhook payload changed and broke our parser,normal,integrations,0.9086,integrations
CB-6330,chat,Free,EMEA,"hi team, the avatar initials show the wrong user",low,integrations,0.2905,bug_ui
CB-6359,in-app,Free,North America,The reconciliation report shows a gap we cannot explain. Please treat as high priority. Ticket reference from last time was in the thread.,high,bug_ui,0.708,data_sync
CB-6336,chat,Enterprise,APAC,Raising this again: The column widths reset every time I open the view.,urgent,bug_ui,0.9373,bug_ui
CB-6527,phone,Enterprise,North America,sorry to bother you but we need finer control over what appears in the weekly digest,urgent,bug_ui,0.4573,feature_request
CB-7134,email,Enterprise,APAC,it signs me out every twenty minutes for no reason,normal,performance,0.9397,login_access
CB-7176,email,Team,EMEA,"Hi team, The Google sign-in button sends me into a redirect loop. Nothing changed on our side.",normal,login_access,0.9693,login_access
CB-6322,email,Free,LATAM,"Hi team, Deleting one widget scrambled the whole dashboard layout. Please treat as high priority.",urgent,bug_ui,0.8886,bug_ui
CB-7354,in-app,Team,EMEA,Following up: Loading times got noticeably worse after last week's release.,low,performance,0.8189,performance
CB-6965,email,Business,APAC,Rate limits are much lower than the documentation says. No rush on this one.,normal,bug_ui,0.7894,integrations
CB-6925,phone,Free,EMEA,Sorry to bother you but We cannot rotate the API key without downtime. This started yesterday. This is urgent. Happy to jump on a call if easier.,high,integrations,0.7528,integrations
CB-7114,chat,Business,APAC,"hi team, our whole team lost sso access after the weekend maintenance",urgent,login_access,0.55,login_access
CB-7009,in-app,Free,North America,"Morning, The API error messages give no detail we can act on.",urgent,integrations,0.9533,integrations
CB-7313,phone,Free,EMEA,Following up: The loading spinner runs indefinitely with no error. Thanks in advance.,urgent,performance,0.3204,performance
CB-6665,email,Enterprise,LATAM,Quick one: Please add dark mode. Can someone take a look?,urgent,feature_request,0.5176,feature_request
CB-6401,chat,Team,North America,Historical data was overwritten by the most recent import. Not blocking but annoying.,low,data_sync,0.5395,data_sync
CB-6128,email,Enterprise,North America,Hey We want to pay by bank transfer instead of card. This started yesterday.,low,billing_plan,0.6642,billing_plan
CB-7395,in-app,Business,EMEA,Hey Large reports fail with a gateway timeout. Any help appreciated.,normal,performance,0.8504,performance
CB-6262,phone,Enterprise,LATAM,The dialog cannot be dismissed with the escape key.,normal,bug_ui,0.2288,bug_ui
CB-6195,phone,Business,EMEA,"Morning, The currency symbol is hardcoded to dollars. This started yesterday. Thanks!",normal,bug_ui,0.9699,bug_ui
CB-6178,email,Team,EMEA,Quick one: Deleting one widget scrambled the whole dashboard layout. It worked fine last week.,high,bug_ui,0.8448,bug_ui
CB-6148,phone,Free,APAC,"Hi team, The free trial converted to paid before we decided. This started yesterday. Any help appreciated.",high,billing_plan,0.3839,billing_plan
CB-6187,email,Team,LATAM,The empty state says loading forever when there is simply no data. This started yesterday.,normal,performance,0.5074,bug_ui
CB-6567,email,Free,North America,Following up: We need to be able to rename fields without breaking existing views.,normal,feature_request,0.6384,feature_request
CB-6539,phone,Business,LATAM,"Hey We need alerts that trigger on a rate of change, not just a level.",urgent,feature_request,0.8328,feature_request
CB-7117,in-app,Enterprise,APAC,the teammate invite link expires the instant they click it,urgent,integrations,0.3845,login_access
CB-7299,phone,Free,North America,Not sure if this is the right place but We hit a timeout that cannot be increased anywhere in settings. This is urgent. Any help appreciated.,low,performance,0.9291,performance
CB-7061,chat,Business,EMEA,"Sorry to bother you but I cannot sign in, it says my password is wrong but I never changed it. It worked fine last week.",high,login_access,0.9955,login_access
CB-6494,in-app,Team,LATAM,"Hi team, Empty values are being stored as the string null. Nothing changed on our side.",urgent,bug_ui,0.2569,data_sync
CB-6694,phone,Enterprise,APAC,we need finer control over what appears in the weekly digest,normal,bug_ui,0.4188,feature_request
CB-6375,email,Team,North America,not sure if this is the right place but our timezone setting is ignored on scheduled syncs,normal,bug_ui,0.7904,data_sync
CB-6541,email,Free,LATAM,"Hi team, We want to schedule reports to Slack, not just email. We need this resolved before month end.",normal,how_to,0.4973,feature_request
CB-6425,chat,Team,LATAM,hey the sync ran twice last night and doubled everything,urgent,bug_ui,0.5205,data_sync
CB-7102,phone,Team,EMEA,It signs me out every twenty minutes for no reason.,high,performance,0.9309,login_access
CB-6864,phone,Business,LATAM,How do I set a default filter for everyone on my team?,high,how_to,0.9883,how_to
CB-6513,phone,Enterprise,EMEA,"Hello, Changes made here are not written back upstream.",normal,data_sync,0.4045,data_sync
CB-6721,email,Team,North America,"Morning, What is the correct order to set up a new team?",normal,how_to,0.9933,how_to
CB-6749,phone,Free,LATAM,Not sure if this is the right place but Can I schedule a report to go out every Monday morning? Thanks!,normal,how_to,0.8821,how_to
CB-6183,in-app,Enterprise,EMEA,The error message is a raw stack trace. It worked fine last week. Please advise.,urgent,bug_ui,0.61,bug_ui
CB-7264,email,Team,APAC,Queries slow down dramatically once we pass a million rows.,urgent,performance,0.8929,performance
CB-6641,chat,Business,EMEA,Raising this again: We would like usage analytics per dashboard. Can someone take a look?,normal,feature_request,0.3729,feature_request
CB-6752,chat,Enterprise,APAC,Sorry to bother you but Can I restrict a field so only managers see it?,high,how_to,0.9304,how_to
CB-6109,phone,Team,LATAM,Hey The enterprise agreement pricing does not match what sales quoted. It affects about a dozen people. Please escalate if needed.,normal,billing_plan,0.6816,billing_plan
CB-7040,chat,Business,North America,"Hi team, The webhook signature verification always fails.",normal,integrations,0.8863,integrations
CB-7181,in-app,Enterprise,LATAM,Our SAML certificate expired and nobody on the team can authenticate. Reproduced on two machines.,high,bug_ui,0.3769,login_access
CB-6892,phone,Enterprise,North America,"Morning, OAuth consent fails when our admin tries to approve it. This is urgent.",high,integrations,0.8102,integrations
CB-6506,in-app,Enterprise,LATAM,Quick one: The reconciliation report shows a gap we cannot explain. Please advise.,high,bug_ui,0.7684,data_sync
CB-6139,phone,Enterprise,North America,Following up: The annual discount we agreed in the contract was not applied.,normal,billing_plan,0.7587,billing_plan
CB-7027,email,Enterprise,APAC,The webhook signature verification always fails. It affects about a dozen people.,high,integrations,0.8592,integrations
CB-6119,chat,Team,EMEA,"Morning, We cannot tell from the invoice which team the seats belong to.",normal,billing_plan,0.8529,billing_plan
CB-6830,phone,Business,APAC,Hey Where can I find our API key? Happy to jump on a call if easier.,high,integrations,0.5351,how_to
CB-7149,in-app,Enterprise,LATAM,Our identity provider says the assertion audience does not match. Reproduced on two machines.,low,bug_ui,0.6084,login_access
CB-6500,email,Business,EMEA,"Morning, Records that were deleted upstream are still showing here. Ticket reference from last time was in the thread.",low,data_sync,0.6338,data_sync
CB-6618,email,Enterprise,LATAM,"following up: we need alerts that trigger on a rate of change, not just a level",high,feature_request,0.7903,feature_request
CB-6866,email,Enterprise,North America,"hi, how do i combine two metrics into one chart?",low,how_to,0.9808,how_to
CB-6406,email,Free,EMEA,reporting on behalf of my team: the backfill has been running for two days with no progress,normal,performance,0.9275,data_sync
CB-6227,chat,Business,EMEA,"Morning, The empty state says loading forever when there is simply no data. Ticket reference from last time was in the thread.",normal,performance,0.4989,bug_ui
CB-6404,phone,Business,North America,Changes made here are not written back upstream. This is urgent.,normal,data_sync,0.3089,data_sync
CB-6329,email,Enterprise,EMEA,Not sure if this is the right place but The required field marker is missing on two fields. Any help appreciated.,normal,bug_ui,0.7753,bug_ui
CB-7086,phone,Team,EMEA,"Hi, The domain capture feature grabbed accounts that are not ours. It affects about a dozen people. No rush on this one. Any help appreciated.",urgent,login_access,0.6808,login_access
CB-6577,email,Enterprise,APAC,"Hi, We would like a mobile widget for our key metric.",normal,feature_request,0.8076,feature_request
CB-7360,phone,Free,EMEA,Sorry to bother you but Concurrent users cause the whole workspace to slow down.,normal,performance,0.8961,performance
CB-7218,email,Business,LATAM,"Hi, The session cookie is rejected when we use the product in an iframe.",normal,integrations,0.3908,login_access
CB-6807,in-app,Free,LATAM,Hey Where do I see our usage against the plan limit? We need this resolved before month end.,urgent,billing_plan,0.6734,how_to
CB-6352,email,Enterprise,EMEA,The sync fails silently with no error and no notification. Please advise.,normal,data_sync,0.3596,data_sync
CB-6228,email,Enterprise,EMEA,pasting into the search field adds a trailing space that breaks it,urgent,feature_request,0.3471,bug_ui
CB-7237,email,Free,EMEA,"Morning, Switching between workspaces takes twenty seconds. Can someone take a look?",normal,performance,0.6091,performance
CB-6417,phone,Free,APAC,Sorry to bother you but The sync uses the wrong primary key and overwrites rows.,normal,bug_ui,0.9128,data_sync
CB-6447,email,Enterprise,LATAM,Following up: The last sync timestamp has not moved since Friday. Happens roughly half the time. Please advise.,high,performance,0.5844,data_sync
CB-6296,email,Enterprise,North America,quick one: the currency symbol is hardcoded to dollars,low,bug_ui,0.9656,bug_ui
CB-6563,email,Business,LATAM,Can you let us localise dashboard titles for different regions?,urgent,feature_request,0.5322,feature_request
CB-6962,phone,Business,LATAM,Hey Our API key stopped working with no notice. Please treat as high priority.,high,integrations,0.9349,integrations
CB-6019,chat,Team,North America,Raising this again: The cancellation still charged us for the following month. It affects about a dozen people.,normal,billing_plan,0.9705,billing_plan
CB-6609,email,Team,North America,second time asking about this we need finer control over what appears in the weekly digest,high,bug_ui,0.4084,feature_request
CB-7235,chat,Enterprise,North America,Hey The save button takes so long people click it twice. This is blocking our weekly reporting.,normal,performance,0.9531,performance
CB-6761,chat,Free,LATAM,"Hello, How do I give a contractor access that expires automatically? We are on the Team plan. Please advise.",normal,how_to,0.9717,how_to
CB-6586,in-app,Business,EMEA,A public API for dashboard creation would let us automate onboarding. This started yesterday.,urgent,integrations,0.9178,feature_request
CB-6748,in-app,Team,LATAM,hey can i set a metric to alert me when it drops?,normal,how_to,0.572,how_to
CB-6258,email,Business,LATAM,Reporting on behalf of my team: Deleting one widget scrambled the whole dashboard layout.,urgent,bug_ui,0.9364,bug_ui
CB-7160,chat,Business,LATAM,"morning, i get a 403 immediately after authenticating successfully",urgent,login_access,0.8119,login_access
CB-6176,email,Team,North America,"Hello, The timezone shown in the header disagrees with the rows. I have cleared cache and tried incognito. Fairly low priority.",normal,bug_ui,0.984,bug_ui
CB-6177,phone,Business,LATAM,Second time asking about this. Long labels are cut off with no tooltip to read them. Please treat as high priority. Happy to jump on a call if easier.,normal,bug_ui,0.6454,bug_ui
CB-6578,chat,Free,EMEA,"hello, we want a sandbox environment to test changes safely",normal,how_to,0.5679,feature_request
CB-7198,email,Free,EMEA,Second time asking about this. The audit log does not show who removed a user's access.,low,login_access,0.6644,login_access
CB-7281,email,Free,North America,Reporting on behalf of my team: Our overnight batch now overruns into working hours.,high,bug_ui,0.7514,performance
CB-6520,email,Free,EMEA,Following up: Boolean fields arrive as one and zero instead of true and false. Please treat as high priority.,low,performance,0.4435,data_sync
CB-7182,phone,Enterprise,North America,Sessions keep dropping on Safari but not on Chrome. We are on the Team plan. Happy to jump on a call if easier.,low,performance,0.8817,login_access
CB-6926,chat,Team,EMEA,Second time asking about this. The connector duplicates our accounts as separate records. No rush on this one. Can someone take a look?,urgent,integrations,0.5663,integrations
CB-6350,in-app,Enterprise,North America,Sorry to bother you but The back button takes me out of the app entirely.,high,performance,0.2186,bug_ui
CB-7125,phone,Business,North America,"Hello, I replaced my phone and lost the 2FA device, now I am locked out. Happens roughly half the time.",low,login_access,0.903,login_access
CB-6488,in-app,Enterprise,APAC,Sorry to bother you but New columns we added upstream never appear here.,normal,bug_ui,0.6013,data_sync
CB-7155,chat,Business,APAC,"Hey I need to transfer the owner role, the previous owner has left. Nothing changed on our side. Not blocking but annoying.",normal,how_to,0.4685,login_access
CB-7041,chat,Free,North America,"Hi, The connector reset all of our field mappings after an upgrade. Any help appreciated.",urgent,integrations,0.4855,integrations
CB-7278,chat,Team,APAC,second time asking about this the search box hangs for several seconds on every keystroke,low,performance,0.9644,performance
CB-7363,in-app,Free,North America,"Hello, The table only renders after every image has loaded. It worked fine last week. Please advise.",low,bug_ui,0.5926,performance
CB-6576,chat,Enterprise,APAC,Can you add a way to snooze a notification?,high,feature_request,0.8441,feature_request
CB-7334,phone,Business,North America,"Morning, The mobile app takes fifteen seconds to open a saved view. Thanks in advance.",low,performance,0.9579,performance
CB-6803,phone,Free,EMEA,Following up: Can I see the history of a metric definition? Nothing changed on our side.,normal,bug_ui,0.5373,how_to
CB-6253,in-app,Business,EMEA,Not sure if this is the right place but The avatar initials show the wrong user. It affects about a dozen people.,normal,login_access,0.2861,bug_ui
CB-6550,phone,Team,APAC,Can you add an option to require a reason when data is deleted? This started yesterday. Please escalate if needed.,normal,feature_request,0.9606,feature_request
CB-7213,in-app,Business,North America,Following up: The audit log does not show who removed a user's access. No rush on this one. Can someone take a look?,urgent,login_access,0.6226,login_access
CB-7005,in-app,Team,LATAM,"morning, the teams app will not install in our tenant",normal,performance,0.644,integrations
CB-7249,in-app,Business,LATAM,loading a shared link is slower than opening it from inside the app,low,performance,0.895,performance
CB-6676,phone,Business,LATAM,A public API for dashboard creation would let us automate onboarding.,normal,integrations,0.8005,feature_request
CB-7226,phone,Free,EMEA,"Morning, Loading times got noticeably worse after last week's release. Nothing changed on our side. No rush on this one.",normal,performance,0.892,performance
CB-6442,chat,Enterprise,EMEA,"hi, historical data was overwritten by the most recent import",normal,data_sync,0.4868,data_sync
CB-6579,email,Free,EMEA,Not sure if this is the right place but Can you support exporting to PDF as well as CSV? We need this resolved before month end.,normal,feature_request,0.6814,feature_request
CB-6193,phone,Free,LATAM,Hey The form loses everything I typed if validation fails. I have cleared cache and tried incognito.,urgent,performance,0.2686,bug_ui
CB-7172,in-app,Enterprise,LATAM,Too many failed attempts and now the account is locked. Any help appreciated.,high,login_access,0.9602,login_access
CB-7145,phone,Free,APAC,Not sure if this is the right place but The magic link always lands on a token invalid page.,urgent,login_access,0.2819,login_access
CB-6720,phone,Enterprise,EMEA,Following up: Can I set a metric to alert me when it drops? Please escalate if needed.,high,feature_request,0.3007,how_to
CB-7326,phone,Team,APAC,Loading times got noticeably worse after last week's release. This started yesterday. Happy to jump on a call if easier.,normal,performance,0.9098,performance
CB-7014,phone,Business,EMEA,"Hi, The Zapier trigger fires twice for one event.",low,integrations,0.6569,integrations
CB-6826,phone,Business,APAC,How do I archive a workspace without deleting it? We need this resolved before month end.,high,how_to,0.9855,how_to
CB-7260,chat,Business,LATAM,The initial bundle download is enormous on our connection. Please treat as high priority.,normal,performance,0.5002,performance
CB-6675,chat,Free,LATAM,"Hi team, Please let us set a company-wide default chart style. Happy to jump on a call if easier.",high,how_to,0.9191,feature_request
CB-6358,chat,Business,EMEA,Reporting on behalf of my team: The schedule says hourly but it runs about once a day. This is blocking our weekly reporting. Please advise.,low,bug_ui,0.7158,data_sync
CB-7212,phone,Business,North America,raising this again: the sign-in page shows a blank screen on our locked-down browsers,urgent,login_access,0.9588,login_access
CB-6808,in-app,Enterprise,APAC,Not sure if this is the right place but What is the difference between a view and a saved filter?,low,bug_ui,0.4245,how_to
CB-6042,phone,Enterprise,APAC,raising this again: our billing contact cannot access the billing settings page,urgent,billing_plan,0.3019,billing_plan
CB-6320,in-app,Free,North America,"hello, the percentage column shows values above one hundred",low,bug_ui,0.9451,bug_ui
CB-6455,in-app,Team,EMEA,Second time asking about this. The sync completes but half the fields are empty. Can someone take a look?,normal,bug_ui,0.4115,data_sync
CB-6932,chat,Business,APAC,Quick one: Our Snowflake connection times out on larger queries. I have cleared cache and tried incognito.,urgent,performance,0.8464,integrations
CB-6224,phone,Team,APAC,Not sure if this is the right place but The sort arrow points the opposite way to the actual sort. Thanks in advance.,normal,bug_ui,0.8626,bug_ui
CB-7356,in-app,Free,APAC,Sorry to bother you but Performance degrades steadily until we reload the page. Please treat as high priority.,urgent,performance,0.9225,performance
CB-6428,chat,Business,APAC,"Hi, The reconciliation report shows a gap we cannot explain. Screenshot attached.",normal,bug_ui,0.8703,data_sync
CB-6919,phone,Business,EMEA,reporting on behalf of my team: the integration works in sandbox but not in production,low,integrations,0.5583,integrations
CB-6745,phone,Team,North America,Sorry to bother you but What is the difference between a view and a saved filter? Fairly low priority. Screenshot attached.,high,bug_ui,0.5989,how_to
CB-6124,email,Team,APAC,Sorry to bother you but The enterprise agreement pricing does not match what sales quoted. It worked fine last week. Not blocking but annoying.,high,billing_plan,0.8696,billing_plan
CB-7266,in-app,Team,APAC,"Hi, The scheduled report never finishes for our biggest region.",normal,performance,0.5404,performance
CB-6709,email,Business,EMEA,"Hello, Can I schedule a report to go out every Monday morning? It affects about a dozen people.",urgent,how_to,0.9731,how_to
CB-6535,phone,Enterprise,North America,Please let us set a company-wide default chart style. Can someone take a look?,low,how_to,0.8568,feature_request
CB-6885,chat,Team,APAC,Sorry to bother you but The connector duplicates our accounts as separate records. Happens roughly half the time.,urgent,integrations,0.3425,integrations
CB-7127,email,Enterprise,North America,The 2FA QR code will not scan and there is no manual key. Fairly low priority. We need this resolved before month end.,high,login_access,0.9223,login_access
CB-7211,in-app,Enterprise,APAC,Our IP allowlist is blocking our own office after the ISP changed our range. I have cleared cache and tried incognito. Thanks in advance.,high,bug_ui,0.8481,login_access
CB-6402,in-app,Business,LATAM,"Morning, The schedule says hourly but it runs about once a day. It worked fine last week.",low,bug_ui,0.9562,data_sync
CB-6172,in-app,Business,APAC,"Hi team, The discount code from the conference does not work.",normal,bug_ui,0.2989,billing_plan
CB-6449,phone,Free,LATAM,Raising this again: Numbers are rounded to whole units and we need two decimals. Any help appreciated.,normal,bug_ui,0.8166,data_sync
CB-6103,email,Enterprise,North America,"Morning, We want to downgrade but keep the historical data. Screenshot attached.",urgent,bug_ui,0.5642,billing_plan
CB-6588,chat,Free,APAC,Hey Can you support single sign-on for our smaller subsidiary too? Thanks in advance.,normal,login_access,0.7427,feature_request
CB-6154,phone,Free,APAC,following up: the proration on our upgrade looks wrong,normal,bug_ui,0.7169,billing_plan
CB-6669,email,Business,APAC,"hello, can you support exporting to pdf as well as csv?",urgent,feature_request,0.9057,feature_request
CB-6840,chat,Team,LATAM,Raising this again: How do I find views that nobody has opened in six months?,low,performance,0.7767,how_to
CB-6738,in-app,Business,EMEA,raising this again: how do i give someone view-only access without using a full seat?,normal,how_to,0.9018,how_to
CB-6831,in-app,Team,EMEA,Raising this again: Where do I manage notification preferences for the whole org? Thanks in advance.,high,how_to,0.9536,how_to
CB-6948,email,Business,EMEA,Not sure if this is the right place but The webhook payload changed and broke our parser. Any help appreciated.,normal,integrations,0.8844,integrations
CB-6464,phone,Team,EMEA,Sorry to bother you but A renamed field upstream broke the mapping without warning. Reproduced on two machines. No rush on this one. Thanks!,low,bug_ui,0.8043,data_sync
CB-6714,in-app,Business,LATAM,"Hi, How do I duplicate a dashboard into another workspace? We need this resolved before month end.",low,how_to,0.9801,how_to
CB-6774,phone,Enterprise,EMEA,quick one: what is the best way to structure folders for a large team?,high,how_to,0.8246,how_to
CB-6938,email,Team,LATAM,Hey The API returns a different shape than the docs describe.,normal,integrations,0.8258,integrations
CB-7347,email,Enterprise,North America,"hello, the api takes four seconds for a request that used to take one",urgent,performance,0.5994,performance
CB-7284,email,Business,LATAM,Reporting on behalf of my team: Charts render one at a time instead of together. Please advise.,normal,bug_ui,0.7213,performance
CB-6686,phone,Free,North America,Not sure if this is the right place but Can you support exporting to PDF as well as CSV?,urgent,feature_request,0.7078,feature_request
CB-6920,email,Team,North America,Quick one: The HubSpot integration maps our fields to the wrong ones.,high,bug_ui,0.5876,integrations
CB-6976,phone,Business,North America,Sorry to bother you but OAuth consent fails when our admin tries to approve it. Thanks!,high,integrations,0.8559,integrations
CB-6863,in-app,Enterprise,LATAM,Following up: How do I give someone view-only access without using a full seat? We need this resolved before month end.,high,how_to,0.6616,how_to
CB-6303,in-app,Business,North America,second time asking about this the modal opens behind the page overlay so i cannot click it,low,feature_request,0.317,bug_ui
CB-6890,phone,Team,APAC,Sorry to bother you but Rate limits are much lower than the documentation says. No rush on this one.,low,bug_ui,0.6453,integrations
CB-6989,email,Enterprise,EMEA,Pagination in the API skips the last page. We need this resolved before month end.,urgent,integrations,0.7594,integrations
CB-6436,phone,Business,LATAM,"hello, our totals here are consistently three percent below source",normal,bug_ui,0.9217,data_sync
CB-6217,phone,Team,North America,Hey The success toast disappears before it can be read.,normal,bug_ui,0.3586,bug_ui
CB-6861,in-app,Business,LATAM,Raising this again: Is there a way to bulk edit records? This is blocking our weekly reporting. Thanks!,high,how_to,0.5524,how_to
CB-7070,chat,Team,North America,"Hi team, Our SAML certificate expired and nobody on the team can authenticate. It worked fine last week. No rush on this one. Ticket reference from last time was in the thread.",high,performance,0.3435,login_access
CB-7101,chat,Business,LATAM,Two people share a login and we need to split it into separate accounts.,high,login_access,0.7741,login_access
CB-6276,chat,Free,EMEA,Hey The notification badge never clears.,high,performance,0.8608,bug_ui
CB-6170,chat,Business,LATAM,raising this again: the plan comparison page and the checkout page show different prices,normal,bug_ui,0.5552,billing_plan
CB-6671,chat,Business,LATAM,Not sure if this is the right place but Can you let us localise dashboard titles for different regions? This is blocking our weekly reporting. No rush on this one. Ticket reference from last time was in the thread.,low,how_to,0.4133,feature_request
CB-6125,chat,Enterprise,EMEA,I need invoices for the last twelve months in one download. Thanks in advance.,normal,billing_plan,0.9776,billing_plan
CB-6999,email,Enterprise,EMEA,OAuth consent fails when our admin tries to approve it. Happy to jump on a call if easier.,low,integrations,0.8444,integrations
CB-7190,chat,Enterprise,EMEA,Hey Our IP allowlist is blocking our own office after the ISP changed our range.,low,bug_ui,0.9448,login_access
CB-7098,in-app,Team,LATAM,The audit log does not show who removed a user's access. Can someone take a look?,urgent,login_access,0.6577,login_access
CB-7146,phone,Business,EMEA,"Reporting on behalf of my team: I cannot sign in, it says my password is wrong but I never changed it.",high,login_access,0.9911,login_access
CB-6194,phone,Free,APAC,Raising this again: The undo button undoes more than the last action. Please treat as high priority. Please advise.,high,how_to,0.3915,bug_ui
CB-6379,phone,Team,LATAM,"morning, timestamps are coming through seven hours off",normal,bug_ui,0.8219,data_sync
CB-6713,in-app,Team,APAC,Can I download the raw data behind a chart? Please advise.,normal,bug_ui,0.304,how_to
CB-6098,chat,Enterprise,North America,Second time asking about this. The subscription shows as past due but the payment cleared.,low,billing_plan,0.9526,billing_plan
CB-7124,email,Business,EMEA,"Morning, The magic link always lands on a token invalid page. I have cleared cache and tried incognito. Screenshot attached.",urgent,login_access,0.3992,login_access
CB-7019,email,Team,North America,the callback url cannot be changed once it is set,high,integrations,0.7547,integrations
CB-6812,chat,Free,APAC,Following up: How can I see who changed a dashboard and when? Our admin has already tried the usual steps.,high,how_to,0.6626,how_to
CB-7274,chat,Enterprise,North America,Hey The bulk import processes about one record per second.,urgent,performance,0.3372,performance
CB-6887,chat,Free,LATAM,Raising this again: The Salesforce connector disconnects every few hours.,normal,integrations,0.5422,integrations
CB-6838,phone,Free,LATAM,Reporting on behalf of my team: How do I combine two metrics into one chart? Screenshot attached.,urgent,how_to,0.7355,how_to
CB-7262,in-app,Enterprise,North America,Duplicating a large dashboard takes several minutes.,normal,performance,0.6094,performance
CB-6190,chat,Team,APAC,"Hi team, The icon for archive and the icon for delete are identical.",urgent,bug_ui,0.3047,bug_ui
CB-6903,chat,Enterprise,North America,Second time asking about this. The connector reset all of our field mappings after an upgrade.,high,integrations,0.6157,integrations
CB-6687,phone,Business,LATAM,"Hi, Please add a bulk export of every view definition. Can someone take a look?",normal,feature_request,0.526,feature_request
CB-6998,email,Business,North America,Sorry to bother you but Our Snowflake connection times out on larger queries. Please advise.,normal,performance,0.917,integrations
CB-6298,email,Free,North America,quick one: the row hover highlight lags one row behind the cursor,normal,bug_ui,0.5685,bug_ui
CB-7045,in-app,Enterprise,North America,The webhook returns a 500 and we cannot see why. I have cleared cache and tried incognito. This is urgent.,normal,integrations,0.8492,integrations
CB-6096,phone,Free,APAC,Not sure if this is the right place but We are being billed for a sandbox account we never use. I have cleared cache and tried incognito. No rush on this one. Screenshot attached.,low,billing_plan,0.9296,billing_plan
CB-7066,phone,Team,LATAM,Second time asking about this. MFA is enforced for admins but not for regular users and we need both. Ticket reference from last time was in the thread.,low,login_access,0.3996,login_access
CB-6637,in-app,Free,APAC,"hi team, we would like a mobile widget for our key metric",high,feature_request,0.6809,feature_request
CB-6656,in-app,Team,APAC,Quick one: We would like usage analytics per dashboard. This is blocking our weekly reporting.,urgent,bug_ui,0.5,feature_request
CB-7022,email,Team,LATAM,Not sure if this is the right place but The Salesforce connector disconnects every few hours.,low,performance,0.4641,integrations
CB-6376,email,Free,EMEA,Quick one: The incremental sync misses records that were updated in bulk. Fairly low priority. Let me know.,normal,bug_ui,0.6364,data_sync
CB-6413,email,Business,North America,Quick one: The sync started applying a transformation we never configured. Our admin has already tried the usual steps. Can someone take a look?,low,how_to,0.5294,data_sync
CB-6851,chat,Team,North America,Sorry to bother you but What is the difference between a view and a saved filter? Happy to jump on a call if easier.,urgent,how_to,0.6297,how_to
CB-6377,phone,Free,APAC,Boolean fields arrive as one and zero instead of true and false. Please treat as high priority.,normal,bug_ui,0.5298,data_sync
CB-7068,email,Free,LATAM,the sign-in page shows a blank screen on our locked-down browsers,low,login_access,0.9745,login_access
CB-7276,chat,Business,APAC,Not sure if this is the right place but The app pegs one CPU core continuously in the background.,normal,performance,0.7822,performance
CB-6281,phone,Team,LATAM,"hi team, the column widths reset every time i open the view",high,bug_ui,0.8759,bug_ui
CB-7223,chat,Free,EMEA,Our SAML certificate expired and nobody on the team can authenticate. Ticket reference from last time was in the thread.,low,integrations,0.2889,login_access
CB-7075,phone,Free,APAC,hey the sso config was changed by accident and now nobody can get in,high,login_access,0.4614,login_access
CB-6906,chat,Business,EMEA,Not sure if this is the right place but The integration was disabled automatically and nobody was told. Please advise.,normal,integrations,0.4375,integrations
CB-6879,chat,Business,EMEA,Not sure if this is the right place but The SFTP drop stopped accepting our key. Nothing changed on our side. Thanks in advance.,low,bug_ui,0.2714,integrations
CB-6511,in-app,Free,North America,Following up: The sync started applying a transformation we never configured. Fairly low priority.,normal,bug_ui,0.3778,data_sync
CB-6004,email,Enterprise,LATAM,"Hello, The enterprise agreement pricing does not match what sales quoted.",normal,billing_plan,0.7271,billing_plan
CB-6722,chat,Free,EMEA,Sorry to bother you but How do I archive a workspace without deleting it? Can someone take a look?,low,how_to,0.9872,how_to
CB-7350,chat,Enterprise,North America,Quick one: Filtering by date range on a year of data never returns.,normal,bug_ui,0.6979,performance
CB-6411,chat,Enterprise,APAC,second time asking about this the incremental sync misses records that were updated in bulk,low,bug_ui,0.5214,data_sync
CB-6382,in-app,Free,LATAM,"Hi, The sync skipped an entire month of records.",normal,bug_ui,0.4959,data_sync
CB-6978,phone,Team,EMEA,Sorry to bother you but The integration marketplace listing says available but the button does nothing.,normal,integrations,0.7778,integrations
CB-7002,phone,Team,APAC,Hey The connector reset all of our field mappings after an upgrade. Can someone take a look?,low,bug_ui,0.4235,integrations
CB-6689,chat,Free,APAC,Please add support for importing from a spreadsheet template. Our admin has already tried the usual steps. Thanks!,normal,data_sync,0.7862,feature_request
CB-7364,phone,Free,LATAM,"Morning, Switching between workspaces takes twenty seconds. Thanks!",normal,performance,0.5168,performance
CB-6610,phone,Business,EMEA,Not sure if this is the right place but Please support custom colour palettes for accessibility.,normal,feature_request,0.7146,feature_request
CB-7140,email,Free,LATAM,Not sure if this is the right place but We are getting rate limited on the sign-in endpoint during standup. Any help appreciated.,normal,login_access,0.4119,login_access
CB-7012,email,Free,North America,Quick one: The webhook retries flood our endpoint after one failure. No rush on this one.,low,integrations,0.9475,integrations
CB-6668,chat,Business,North America,"Hello, We would like row-level permissions. This started yesterday.",normal,login_access,0.3473,feature_request
CB-6772,in-app,Enterprise,LATAM,"hi team, how do i set up a recurring data refresh?",normal,how_to,0.9768,how_to
CB-6360,in-app,Business,EMEA,Sorry to bother you but The row counts do not match our warehouse.,urgent,bug_ui,0.989,data_sync
CB-6234,phone,Enterprise,EMEA,the undo button undoes more than the last action,high,login_access,0.2431,bug_ui
CB-7222,email,Enterprise,APAC,second time asking about this someone who left the company still has an active account,low,login_access,0.8826,login_access
CB-6581,phone,Team,APAC,"Raising this again: Please allow scheduling at a specific minute, not just the hour.",high,how_to,0.6399,feature_request
CB-6033,in-app,Team,North America,We need to move billing to a different legal entity. We need this resolved before month end.,normal,billing_plan,0.9119,billing_plan
CB-6388,chat,Business,LATAM,Sorry to bother you but A renamed field upstream broke the mapping without warning. Let me know.,urgent,bug_ui,0.6762,data_sync
CB-7342,chat,Free,North America,"Morning, Performance degrades steadily until we reload the page. Thanks in advance.",normal,performance,0.9177,performance
CB-7261,phone,Business,North America,Not sure if this is the right place but Large reports fail with a gateway timeout. Let me know.,urgent,performance,0.7824,performance
CB-6655,chat,Enterprise,North America,"Hi team, We need alerts that trigger on a rate of change, not just a level. Nothing changed on our side.",normal,feature_request,0.3525,feature_request
CB-6857,chat,Business,EMEA,"Hi, How do I set a default filter for everyone on my team?",high,how_to,0.9892,how_to
CB-6575,chat,Enterprise,APAC,Sorry to bother you but Please add support for our region's date format.,urgent,feature_request,0.8632,feature_request
CB-6438,chat,Team,North America,The incremental sync misses records that were updated in bulk.,low,bug_ui,0.8039,data_sync
CB-6633,chat,Free,North America,"Morning, Please allow more than ten widgets on one dashboard.",high,how_to,0.9179,feature_request
CB-6584,in-app,Enterprise,LATAM,We want a way to flag a metric as deprecated.,high,bug_ui,0.3189,feature_request
CB-7000,phone,Business,EMEA,Our Okta app assignment does not propagate to your side. Only happens for our EMEA users. Please escalate if needed.,low,bug_ui,0.2606,integrations
CB-6730,chat,Enterprise,APAC,"Morning, How do I set a default filter for everyone on my team? Not blocking but annoying.",urgent,how_to,0.9891,how_to
CB-7123,email,Free,EMEA,Second time asking about this. Sessions keep dropping on Safari but not on Chrome. I have cleared cache and tried incognito. Please advise.,high,performance,0.8637,login_access
CB-7093,chat,Free,EMEA,"I need to transfer the owner role, the previous owner has left. We are on the Team plan. Fairly low priority. Let me know.",high,how_to,0.4525,login_access
CB-6305,chat,Enterprise,EMEA,Reporting on behalf of my team: The column widths reset every time I open the view. Let me know.,normal,bug_ui,0.9277,bug_ui
CB-6762,in-app,Team,EMEA,How do I combine two metrics into one chart? Fairly low priority.,normal,how_to,0.9221,how_to
CB-6290,chat,Team,North America,"hi team, the save confirmation appears even when the save failed",normal,integrations,0.441,bug_ui
CB-6816,phone,Business,North America,Quick one: How do I add a calculated field? This started yesterday. Let me know.,urgent,how_to,0.9455,how_to
CB-6398,chat,Business,North America,Not sure if this is the right place but The sync fails silently with no error and no notification. Screenshot attached.,normal,bug_ui,0.3853,data_sync
CB-6852,phone,Business,EMEA,Hey What is the right way to share a dashboard outside the company?,high,how_to,0.9186,how_to
CB-7275,in-app,Team,APAC,"Morning, Exporting anything over ten thousand rows just times out. Not blocking but annoying. Please advise.",urgent,performance,0.5977,performance
CB-7191,in-app,Enterprise,LATAM,not sure if this is the right place but desktop sign-in works but the mobile app rejects the same password,urgent,login_access,0.8999,login_access
CB-7393,in-app,Free,North America,The scheduled report never finishes for our biggest region. Thanks in advance.,low,performance,0.6051,performance
CB-6415,email,Business,North America,Raising this again: Records that were deleted upstream are still showing here.,low,bug_ui,0.7713,data_sync
CB-6071,email,Team,LATAM,Hey The receipt shows a currency we do not use. This is blocking our weekly reporting. This is urgent.,low,billing_plan,0.6475,billing_plan
CB-7185,chat,Business,APAC,Not sure if this is the right place but The teammate invite link expires the instant they click it. Any help appreciated.,normal,integrations,0.3209,login_access
CB-6672,chat,Team,LATAM,A way to bookmark frequently used filters would save us time. Happens roughly half the time. Please advise.,high,how_to,0.9206,feature_request
CB-6705,phone,Free,LATAM,Hey What is the difference between a view and a saved filter? This is blocking our weekly reporting.,normal,bug_ui,0.7682,how_to
CB-6249,phone,Free,North America,The currency symbol is hardcoded to dollars. I have cleared cache and tried incognito.,normal,bug_ui,0.9704,bug_ui
CB-7396,phone,Business,APAC,the app is much slower in firefox than in chrome,high,performance,0.917,performance
CB-7247,in-app,Enterprise,EMEA,"Morning, Exporting anything over ten thousand rows just times out. Nothing changed on our side. Can someone take a look?",high,performance,0.5744,performance
CB-6422,chat,Enterprise,LATAM,"Morning, Our totals here are consistently three percent below source.",normal,bug_ui,0.9475,data_sync
CB-6570,chat,Free,LATAM,"hi team, a way to bookmark frequently used filters would save us time",low,how_to,0.5855,feature_request
CB-6387,in-app,Free,APAC,Following up: Duplicate records appear after every sync run. It worked fine last week.,high,bug_ui,0.8317,data_sync
CB-7366,in-app,Enterprise,LATAM,Queries slow down dramatically once we pass a million rows. Let me know.,urgent,performance,0.8656,performance
CB-6444,in-app,Business,LATAM,raising this again: the sync reports success but the record count is zero,low,bug_ui,0.631,data_sync
CB-6155,phone,Enterprise,APAC,Raising this again: We are being billed for a sandbox account we never use. We are on the Team plan.,urgent,billing_plan,0.9677,billing_plan
CB-6362,phone,Team,North America,Raising this again: The sync uses the wrong primary key and overwrites rows.,high,bug_ui,0.8841,data_sync
CB-6844,email,Enterprise,APAC,"Hi team, How do I give a contractor access that expires automatically? Only happens for our EMEA users. Can someone take a look?",high,how_to,0.9497,how_to
CB-6747,in-app,Business,APAC,Can I group by two fields at once? This started yesterday.,normal,how_to,0.9364,how_to
CB-6166,in-app,Business,LATAM,"Hello, I need a W-9 and an itemised invoice for accounting. This is urgent.",normal,billing_plan,0.942,billing_plan
CB-6642,in-app,Business,APAC,Quick one: Please add a bulk export of every view definition. Happy to jump on a call if easier.,normal,how_to,0.5659,feature_request
CB-6733,in-app,Free,North America,Not sure if this is the right place but Can I tag records and filter by tag later?,normal,how_to,0.6728,how_to
CB-7144,in-app,Free,APAC,Raising this again: Our SCIM provisioning stopped creating new users last Tuesday. It affects about a dozen people. We need this resolved before month end.,normal,performance,0.7677,login_access
CB-6467,chat,Enterprise,North America,Hey The sync uses the wrong primary key and overwrites rows.,low,bug_ui,0.9315,data_sync
CB-6564,in-app,Business,North America,raising this again: can you support single sign-on for our smaller subsidiary too?,low,login_access,0.7524,feature_request
CB-7100,in-app,Free,North America,"Not sure if this is the right place but The password reset email never arrives, I have checked spam. It worked fine last week. Any help appreciated.",urgent,login_access,0.8654,login_access
CB-6011,phone,Business,APAC,Hey I need a W-9 and an itemised invoice for accounting.,normal,billing_plan,0.8804,billing_plan
CB-6601,chat,Team,LATAM,Not sure if this is the right place but Can you let us localise dashboard titles for different regions?,high,bug_ui,0.3721,feature_request
CB-6874,chat,Business,EMEA,Sorry to bother you but Can I see the history of a metric definition? No rush on this one.,low,bug_ui,0.4401,how_to
CB-6439,email,Enterprise,North America,We get stale data for one region only.,normal,bug_ui,0.5637,data_sync
CB-6433,phone,Business,APAC,hey our custom fields lose their values on every sync,high,bug_ui,0.6771,data_sync
CB-7168,in-app,Free,LATAM,following up: the session cookie is rejected when we use the product in an iframe,normal,integrations,0.5679,login_access
CB-6457,chat,Free,North America,"Morning, The sync only picks up records changed in the last hour, not the last day. We are on the Team plan.",normal,bug_ui,0.5081,data_sync
CB-6867,phone,Free,North America,"Hello, How do I duplicate a dashboard into another workspace?",normal,how_to,0.9831,how_to
CB-6724,in-app,Team,North America,Not sure if this is the right place but How do I change who receives the weekly summary? We need this resolved before month end.,urgent,how_to,0.8161,how_to
CB-7387,phone,Free,LATAM,The product is fine for one user but crawls with twenty. Reproduced on two machines.,high,performance,0.8381,performance
CB-6008,email,Business,EMEA,"Hi, The usage overage charge is much larger than we expected. Not blocking but annoying.",normal,billing_plan,0.7971,billing_plan
CB-7370,phone,Enterprise,EMEA,The app is much slower in Firefox than in Chrome. Screenshot attached.,normal,performance,0.9183,performance
CB-6519,in-app,Team,North America,Sorry to bother you but Empty values are being stored as the string null.,normal,bug_ui,0.4679,data_sync
CB-6094,in-app,Team,North America,"Hi team, The invoice email goes to a person who left the company.",urgent,billing_plan,0.9856,billing_plan
CB-6144,chat,Team,LATAM,quick one: the usage overage charge is much larger than we expected,normal,billing_plan,0.4943,billing_plan
CB-7234,in-app,Free,EMEA,Sorry to bother you but Filtering by date range on a year of data never returns.,normal,bug_ui,0.6805,performance
CB-7338,in-app,Business,North America,"Hello, Server response times spike every hour on the hour. I have cleared cache and tried incognito.",urgent,performance,0.952,performance
CB-6972,chat,Free,North America,Hey Our custom connector is throttled harder than the official one.,urgent,integrations,0.7094,integrations
CB-6269,email,Free,APAC,Following up: The date picker will not let me select anything before 2024. Fairly low priority. We need this resolved before month end.,normal,bug_ui,0.4337,bug_ui
CB-6465,in-app,Enterprise,EMEA,Changes made here are not written back upstream. Can someone take a look?,urgent,bug_ui,0.31,data_sync
CB-6657,email,Team,LATAM,Raising this again: We need the ability to set a retention policy per workspace. No rush on this one.,low,feature_request,0.8479,feature_request
CB-6955,phone,Free,EMEA,not sure if this is the right place but the outbound webhook does not include the record identifier,normal,integrations,0.8053,integrations
CB-6481,in-app,Enterprise,North America,"Hi team, The row counts do not match our warehouse. Any help appreciated.",high,bug_ui,0.9862,data_sync
CB-6818,phone,Free,APAC,How do I set a default filter for everyone on my team? Happens roughly half the time.,urgent,how_to,0.937,how_to
CB-6048,email,Business,North America,"Hello, I need invoices for the last twelve months in one download. Only happens for our EMEA users.",normal,billing_plan,0.9713,billing_plan
CB-6100,in-app,Team,EMEA,Following up: Our purchase order number is missing from the invoice. Thanks!,low,billing_plan,0.9339,billing_plan
CB-7361,phone,Free,North America,"Hello, Large reports fail with a gateway timeout. It affects about a dozen people.",low,performance,0.9437,performance
CB-6501,email,Business,LATAM,Quick one: We get stale data for one region only. Not blocking but annoying.,high,bug_ui,0.533,data_sync
CB-6778,chat,Free,LATAM,How do I set a default filter for everyone on my team? Nothing changed on our side.,urgent,how_to,0.9773,how_to
CB-6780,chat,Business,APAC,Sorry to bother you but What is the right way to share a dashboard outside the company? This started yesterday. Fairly low priority. Can someone take a look?,urgent,how_to,0.8826,how_to
CB-6801,phone,Enterprise,LATAM,Not sure if this is the right place but How do I move a dashboard to a different owner?,urgent,how_to,0.9629,how_to
CB-6021,chat,Free,EMEA,second time asking about this the tax exemption certificate we uploaded is being ignored,normal,data_sync,0.3636,billing_plan
CB-7018,phone,Free,LATAM,"Hi, The connector duplicates our accounts as separate records. Ticket reference from last time was in the thread.",high,integrations,0.7063,integrations
CB-6052,chat,Business,LATAM,"morning, we are charged in advance but the contract says in arrears",high,billing_plan,0.9763,billing_plan
CB-7241,email,Enterprise,North America,Raising this again: The loading spinner runs indefinitely with no error.,urgent,performance,0.2435,performance
CB-7340,chat,Free,North America,Second time asking about this. Queries that finish quickly in the console time out in the UI. Can someone take a look?,urgent,performance,0.7098,performance
CB-6105,in-app,Business,North America,Our spend has doubled and we cannot see what drove it. Not blocking but annoying. Thanks in advance.,high,bug_ui,0.59,billing_plan
CB-7219,phone,Free,EMEA,Reporting on behalf of my team: Our identity provider says the assertion audience does not match.,urgent,bug_ui,0.7254,login_access
CB-6301,email,Enterprise,LATAM,Quick one: The sidebar collapses every time I navigate. Only happens for our EMEA users.,low,bug_ui,0.4463,bug_ui
CB-7315,phone,Team,LATAM,"Hi team, The app pegs one CPU core continuously in the background.",normal,performance,0.9457,performance
CB-6688,email,Business,APAC,Not sure if this is the right place but Can you support two-factor via hardware keys? Not blocking but annoying.,normal,feature_request,0.4927,feature_request
CB-6207,in-app,Enterprise,EMEA,Following up: The row hover highlight lags one row behind the cursor.,low,bug_ui,0.5302,bug_ui
CB-6208,in-app,Enterprise,APAC,The truncated numbers drop the thousands separator. Not blocking but annoying.,low,bug_ui,0.9701,bug_ui
CB-6220,in-app,Enterprise,EMEA,Quick one: The breadcrumb shows a folder that no longer exists. Nothing changed on our side.,normal,bug_ui,0.3599,bug_ui
CB-6434,chat,Team,North America,Second time asking about this. Currency amounts are off by a factor of one hundred. It affects about a dozen people. Happy to jump on a call if easier.,normal,bug_ui,0.9003,data_sync
CB-6393,email,Team,LATAM,"Morning, The sync order means related records arrive before their parents. Our admin has already tried the usual steps.",normal,bug_ui,0.6679,data_sync
CB-6489,email,Business,APAC,Following up: Nested records are flattened in a way that loses information. Thanks!,normal,bug_ui,0.9002,data_sync
CB-7132,phone,Enterprise,EMEA,Reporting on behalf of my team: Desktop sign-in works but the mobile app rejects the same password.,low,login_access,0.9239,login_access
CB-6211,chat,Free,EMEA,Reporting on behalf of my team: The dropdown closes before I can scroll to my option. This is blocking our weekly reporting.,normal,performance,0.5615,bug_ui
CB-6934,in-app,Team,North America,"Hello, The webhook retries flood our endpoint after one failure. Can someone take a look?",normal,integrations,0.9385,integrations
CB-7239,in-app,Enterprise,EMEA,The app pegs one CPU core continuously in the background. Ticket reference from last time was in the thread.,normal,performance,0.965,performance
CB-6753,phone,Business,LATAM,"Morning, How do I change who receives the weekly summary? This is blocking our weekly reporting. Not blocking but annoying.",normal,how_to,0.8653,how_to
CB-6452,chat,Enterprise,North America,"Hello, The sync order means related records arrive before their parents.",high,bug_ui,0.7128,data_sync
CB-7187,chat,Enterprise,North America,"Hi, The account switcher shows an organisation we no longer belong to.",normal,login_access,0.9278,login_access
CB-6888,email,Business,North America,Not sure if this is the right place but The webhook retries flood our endpoint after one failure. Ticket reference from last time was in the thread.,normal,integrations,0.8312,integrations
CB-6310,email,Enterprise,APAC,"Hi, The notification badge never clears. Let me know.",urgent,performance,0.8814,bug_ui
CB-6917,phone,Business,North America,Following up: The integration logs are not retained long enough to debug.,normal,integrations,0.7935,integrations
CB-7288,in-app,Business,LATAM,"Hi team, The loading spinner runs indefinitely with no error. Screenshot attached.",high,performance,0.9193,performance
CB-6229,chat,Business,LATAM,Second time asking about this. The notification badge never clears. It worked fine last week. Not blocking but annoying.,normal,performance,0.7789,bug_ui
CB-7082,in-app,Enterprise,EMEA,not sure if this is the right place but it signs me out every twenty minutes for no reason,low,performance,0.813,login_access
CB-6594,phone,Business,North America,"Morning, We need a way to see which dashboards depend on a given field. I have cleared cache and tried incognito. Please treat as high priority.",high,how_to,0.4223,feature_request
CB-6159,phone,Team,LATAM,Reporting on behalf of my team: We need a quote for adding thirty seats next quarter. Thanks!,normal,feature_request,0.4336,billing_plan
CB-7300,email,Free,EMEA,Concurrent users cause the whole workspace to slow down. Reproduced on two machines.,normal,performance,0.8696,performance
CB-6517,chat,Team,EMEA,"Hi team, Our totals here are consistently three percent below source. It affects about a dozen people. Can someone take a look?",high,bug_ui,0.9469,data_sync
CB-6451,in-app,Free,North America,The backfill has been running for two days with no progress. Reproduced on two machines. Can someone take a look?,low,performance,0.8867,data_sync
CB-6304,email,Business,LATAM,following up: the calendar starts the week on the wrong day for our region,urgent,bug_ui,0.5392,bug_ui
CB-6835,in-app,Business,LATAM,Quick one: Can I schedule a report to go out every Monday morning? Our admin has already tried the usual steps.,urgent,how_to,0.9618,how_to
CB-6929,phone,Team,EMEA,Not sure if this is the right place but The API deprecation notice gave us two weeks. We need this resolved before month end.,normal,performance,0.4787,integrations
CB-6813,chat,Enterprise,North America,following up: can i embed a chart in our internal wiki?,urgent,feature_request,0.4775,how_to
CB-6901,in-app,Free,North America,Reporting on behalf of my team: Our SDK version is no longer supported and nothing warned us. It worked fine last week.,normal,bug_ui,0.6099,integrations
CB-6735,email,Business,LATAM,"Hello, Is there a way to undo a bulk delete?",normal,how_to,0.8949,how_to
CB-6149,in-app,Enterprise,EMEA,Not sure if this is the right place but I need a W-9 and an itemised invoice for accounting. Thanks in advance.,urgent,billing_plan,0.5024,billing_plan
CB-6279,email,Free,EMEA,"Morning, The empty state says loading forever when there is simply no data. This started yesterday. Thanks!",normal,performance,0.5273,bug_ui
CB-6165,in-app,Team,LATAM,Hey We want to pay by bank transfer instead of card. Only happens for our EMEA users.,low,feature_request,0.5015,billing_plan
CB-6908,in-app,Enterprise,North America,following up: the integration logs are not retained long enough to debug,high,integrations,0.7551,integrations
CB-7055,in-app,Team,EMEA,The audit log does not show who removed a user's access. No rush on this one. Thanks in advance.,low,login_access,0.703,login_access
CB-6284,chat,Free,LATAM,Keyboard focus is invisible so I cannot tab through the form. Any help appreciated.,low,how_to,0.8329,bug_ui
CB-6368,chat,Free,EMEA,The sync started applying a transformation we never configured. Thanks in advance.,normal,bug_ui,0.3145,data_sync
CB-6993,chat,Free,LATAM,"Morning, The webhook returns a 500 and we cannot see why.",normal,integrations,0.8022,integrations
CB-6651,in-app,Free,APAC,Sorry to bother you but Please allow more than ten widgets on one dashboard.,high,how_to,0.7894,feature_request
CB-7091,in-app,Free,EMEA,Reporting on behalf of my team: Our SCIM provisioning stopped creating new users last Tuesday. Please escalate if needed.,low,performance,0.4772,login_access
CB-6683,in-app,Team,LATAM,Following up: We want a sandbox environment to test changes safely.,high,feature_request,0.7707,feature_request
CB-7220,email,Free,North America,I get a 403 immediately after authenticating successfully. It worked fine last week. Thanks in advance.,high,login_access,0.9259,login_access
CB-7053,chat,Enterprise,North America,"Hi team, Two people share a login and we need to split it into separate accounts. Ticket reference from last time was in the thread.",urgent,login_access,0.7297,login_access
CB-6160,chat,Team,APAC,The auto-renew date moved forward by a month unexpectedly. It worked fine last week. Fairly low priority.,low,bug_ui,0.4012,billing_plan
CB-7244,phone,Free,LATAM,"Hi team, The mobile app takes fifteen seconds to open a saved view.",normal,performance,0.9409,performance
CB-7259,chat,Team,APAC,Second time asking about this. The table only renders after every image has loaded.,normal,bug_ui,0.6256,performance
CB-6865,phone,Business,North America,Following up: Can I restrict a field so only managers see it? No rush on this one.,low,how_to,0.7668,how_to
CB-6515,email,Team,LATAM,"morning, the reconciliation report shows a gap we cannot explain",normal,bug_ui,0.7907,data_sync
CB-6759,in-app,Free,EMEA,How do I export just the filtered rows and not everything? This is blocking our weekly reporting.,low,how_to,0.9063,how_to
CB-6805,phone,Free,North America,"Hi team, Can I restrict a field so only managers see it?",normal,how_to,0.9202,how_to
CB-6751,chat,Free,LATAM,Can I embed a chart in our internal wiki? Any help appreciated.,high,how_to,0.5163,how_to
CB-6952,chat,Free,EMEA,"Hi team, Our SDK version is no longer supported and nothing warned us.",normal,integrations,0.4397,integrations
CB-6145,in-app,Free,North America,Second time asking about this. We want to downgrade but keep the historical data. Thanks!,low,bug_ui,0.3305,billing_plan
CB-6471,phone,Business,North America,Hey The sync order means related records arrive before their parents. Please advise.,low,how_to,0.5957,data_sync
CB-7011,phone,Free,North America,Reporting on behalf of my team: The connector requires permissions our security team will not approve. Fairly low priority.,normal,integrations,0.7836,integrations
CB-6573,phone,Team,North America,not sure if this is the right place but please let us set alert thresholds per team rather than globally,urgent,how_to,0.6342,feature_request
CB-6058,email,Enterprise,APAC,Reporting on behalf of my team: We want to pay by bank transfer instead of card. We are on the Team plan. Happy to jump on a call if easier.,low,billing_plan,0.7684,billing_plan
CB-6645,email,Free,LATAM,sorry to bother you but please add support for importing from a spreadsheet template,low,feature_request,0.6607,feature_request
CB-7195,email,Enterprise,APAC,The session cookie is rejected when we use the product in an iframe. I have cleared cache and tried incognito. Can someone take a look?,low,integrations,0.4071,login_access
CB-6643,in-app,Enterprise,North America,Sorry to bother you but We need to be able to rename fields without breaking existing views. Nothing changed on our side. Please advise.,normal,how_to,0.9283,feature_request
CB-6395,phone,Free,APAC,"hi, the sync completes but half the fields are empty",low,bug_ui,0.4355,data_sync
CB-7112,in-app,Team,LATAM,Hey We see an account suspended banner even though the invoice is paid.,normal,login_access,0.6008,login_access
CB-7029,phone,Enterprise,APAC,"morning, the jira integration creates tickets in the wrong project",normal,integrations,0.6019,integrations
CB-6875,phone,Team,EMEA,Can I schedule a report to go out every Monday morning?,normal,how_to,0.8878,how_to
CB-6664,email,Enterprise,LATAM,Second time asking about this. We need a way to annotate a spike so context is not lost. We need this resolved before month end.,low,feature_request,0.4546,feature_request
CB-6590,in-app,Team,APAC,"Hi, Please add a way to bulk reassign ownership when someone leaves. Thanks in advance.",low,feature_request,0.9559,feature_request
CB-6679,phone,Free,North America,We want a way to flag a metric as deprecated. Any help appreciated.,normal,how_to,0.3746,feature_request
CB-6757,email,Team,North America,Is there a way to undo a bulk delete? Happy to jump on a call if easier.,low,how_to,0.7718,how_to
CB-6769,in-app,Enterprise,EMEA,"morning, how can i see who changed a dashboard and when?",urgent,how_to,0.7642,how_to
CB-7292,chat,Business,LATAM,Quick one: Dashboards take over a minute to load in the morning. Fairly low priority. Happy to jump on a call if easier.,normal,performance,0.5346,performance
CB-7371,in-app,Free,LATAM,Sorry to bother you but The save button takes so long people click it twice.,normal,performance,0.9715,performance
CB-7384,in-app,Team,LATAM,Second time asking about this. The search box hangs for several seconds on every keystroke. Any help appreciated.,high,performance,0.9543,performance
CB-7175,phone,Business,EMEA,Reporting on behalf of my team: Our SCIM provisioning stopped creating new users last Tuesday. Only happens for our EMEA users.,normal,performance,0.4333,login_access
CB-6636,in-app,Business,EMEA,Raising this again: Can you add an option to require a reason when data is deleted? Nothing changed on our side. Let me know.,normal,feature_request,0.9278,feature_request
CB-6986,email,Free,LATAM,Reporting on behalf of my team: The Jira integration creates tickets in the wrong project. We need this resolved before month end.,normal,bug_ui,0.7474,integrations
CB-7333,email,Team,EMEA,Concurrent users cause the whole workspace to slow down. This is urgent.,high,performance,0.8131,performance
CB-6534,email,Business,EMEA,Not sure if this is the right place but Please let us set alert thresholds per team rather than globally. Ticket reference from last time was in the thread.,low,how_to,0.7706,feature_request
CB-6341,phone,Free,North America,"Hi, The mobile layout overlaps two buttons so I hit the wrong one.",normal,how_to,0.3788,bug_ui
CB-6477,chat,Team,EMEA,Sorry to bother you but The sync reports success but the record count is zero. Thanks!,normal,bug_ui,0.7229,data_sync
CB-6328,phone,Team,EMEA,text is white on white in dark mode,normal,bug_ui,0.5689,bug_ui
CB-6913,chat,Team,North America,The HubSpot integration maps our fields to the wrong ones. Not blocking but annoying.,normal,integrations,0.5671,integrations
CB-6405,email,Free,EMEA,Raising this again: Two connectors write to the same table and conflict. Only happens for our EMEA users. Thanks!,normal,integrations,0.492,data_sync
CB-7116,in-app,Business,EMEA,Quick one: I am told my email is already registered but I have never signed up. It affects about a dozen people.,normal,login_access,0.3969,login_access
CB-7374,email,Free,LATAM,"Hi, The app is fast on our office network and slow on VPN. We are on the Team plan. Can someone take a look?",normal,performance,0.9151,performance
CB-6690,email,Team,APAC,"quick one: we want to schedule reports to slack, not just email",normal,how_to,0.4603,feature_request
CB-6945,email,Free,EMEA,Not sure if this is the right place but Our Slack notifications stopped arriving. Reproduced on two machines. Thanks in advance.,high,integrations,0.7155,integrations
CB-6598,chat,Free,LATAM,Quick one: We need a way to annotate a spike so context is not lost. I have cleared cache and tried incognito.,low,how_to,0.4631,feature_request
CB-6487,chat,Business,EMEA,"Hello, The sync uses the wrong primary key and overwrites rows. Only happens for our EMEA users. Please advise.",normal,bug_ui,0.8653,data_sync
CB-6572,phone,Free,LATAM,Hey An offline mode for the mobile app would be valuable on site visits. Please escalate if needed.,urgent,feature_request,0.7432,feature_request
CB-6503,phone,Free,LATAM,"Hi, Boolean fields arrive as one and zero instead of true and false. Reproduced on two machines. Ticket reference from last time was in the thread.",low,data_sync,0.3562,data_sync
CB-7375,in-app,Team,LATAM,"Morning, The scheduled report never finishes for our biggest region. It worked fine last week. We need this resolved before month end.",low,performance,0.5732,performance
CB-6504,in-app,Team,LATAM,Reporting on behalf of my team: The backfill has been running for two days with no progress. Happens roughly half the time. We need this resolved before month end.,low,performance,0.9483,data_sync
CB-6031,chat,Free,EMEA,"Hi team, We want to downgrade but keep the historical data. Not blocking but annoying. Please advise.",urgent,how_to,0.7828,billing_plan
CB-6055,email,Free,EMEA,Reporting on behalf of my team: The auto-renew date moved forward by a month unexpectedly. It affects about a dozen people.,low,bug_ui,0.486,billing_plan
CB-6493,email,Free,North America,Following up: Our custom fields lose their values on every sync. Only happens for our EMEA users. We need this resolved before month end.,normal,bug_ui,0.4922,data_sync
CB-6270,in-app,Enterprise,North America,Following up: The chart axis starts at a non-zero value and exaggerates the trend. Can someone take a look?,low,bug_ui,0.979,bug_ui
CB-6959,in-app,Team,North America,Hey The webhook payload changed and broke our parser.,normal,integrations,0.9511,integrations
CB-6640,phone,Enterprise,North America,Please add dark mode. Let me know.,urgent,feature_request,0.9591,feature_request
CB-6845,email,Free,EMEA,"Hello, Can I hide a metric from a shared view without deleting it? We are on the Team plan. Fairly low priority.",high,how_to,0.9782,how_to
CB-7025,in-app,Team,North America,The webhook payload changed and broke our parser. Thanks in advance.,normal,integrations,0.9509,integrations
CB-7359,email,Enterprise,EMEA,"hello, the search box hangs for several seconds on every keystroke",normal,performance,0.9764,performance
CB-6384,in-app,Free,APAC,Hey Records that were deleted upstream are still showing here. Ticket reference from last time was in the thread.,high,data_sync,0.5228,data_sync
CB-6205,chat,Enterprise,APAC,Sorry to bother you but Text is white on white in dark mode. We need this resolved before month end.,high,bug_ui,0.4427,bug_ui
CB-7115,in-app,Free,APAC,Reporting on behalf of my team: Too many failed attempts and now the account is locked. It affects about a dozen people. Screenshot attached.,urgent,login_access,0.911,login_access
CB-6727,chat,Business,North America,Second time asking about this. How do I give a contractor access that expires automatically? No rush on this one.,urgent,how_to,0.9377,how_to
CB-6002,in-app,Free,North America,Second time asking about this. The seat count includes deactivated users. Not blocking but annoying.,low,bug_ui,0.815,billing_plan
CB-6047,email,Enterprise,EMEA,following up: we need to split one invoice across two cost centres,urgent,billing_plan,0.84,billing_plan
CB-6108,in-app,Free,APAC,"Hi team, We are on a legacy plan and want to know what we lose by moving.",urgent,billing_plan,0.4197,billing_plan
CB-6396,in-app,Enterprise,EMEA,Quick one: Nested records are flattened in a way that loses information. This started yesterday.,urgent,bug_ui,0.9351,data_sync
CB-6483,email,Team,North America,Not sure if this is the right place but The last sync timestamp has not moved since Friday. Only happens for our EMEA users. We need this resolved before month end.,normal,bug_ui,0.738,data_sync
CB-6078,email,Business,EMEA,The subscription shows as past due but the payment cleared. Fairly low priority.,normal,billing_plan,0.9311,billing_plan
CB-6916,email,Team,North America,Reporting on behalf of my team: The service account hit a permission wall after your last update. Not blocking but annoying. Let me know.,normal,login_access,0.7759,integrations
CB-6323,chat,Free,North America,The filter chip says active when nothing is filtered. Happens roughly half the time.,urgent,bug_ui,0.7515,bug_ui
CB-7330,phone,Free,APAC,quick one: the initial bundle download is enormous on our connection,normal,bug_ui,0.364,performance
CB-6969,chat,Free,EMEA,"Hi, The connector authenticated but syncs no objects.",low,integrations,0.8368,integrations
CB-6223,in-app,Business,APAC,Following up: The row hover highlight lags one row behind the cursor. Screenshot attached.,normal,bug_ui,0.4932,bug_ui
CB-6407,chat,Free,North America,Hey Timestamps are coming through seven hours off. Ticket reference from last time was in the thread.,normal,bug_ui,0.6534,data_sync
CB-6371,phone,Enterprise,North America,following up: the last sync timestamp has not moved since friday,normal,bug_ui,0.7007,data_sync
CB-6859,chat,Team,LATAM,"Hi, What is the right way to share a dashboard outside the company? This is urgent.",high,how_to,0.9493,how_to
CB-6297,in-app,Enterprise,EMEA,Sorry to bother you but The print layout cuts the table in half. Happens roughly half the time.,urgent,bug_ui,0.947,bug_ui
CB-6622,email,Free,EMEA,Reporting on behalf of my team: Can you support exporting to PDF as well as CSV? Nothing changed on our side.,normal,feature_request,0.6823,feature_request
CB-7208,in-app,Enterprise,North America,"Hi, Role permissions reset themselves to viewer overnight. Please advise.",high,how_to,0.9079,login_access
CB-6793,in-app,Business,APAC,Can I download the raw data behind a chart? Our admin has already tried the usual steps. No rush on this one.,normal,bug_ui,0.4136,how_to
CB-6486,chat,Team,North America,"Hi, Historical data was overwritten by the most recent import. Screenshot attached.",normal,data_sync,0.5927,data_sync
CB-6667,phone,Business,EMEA,"Hello, We need to be able to rename fields without breaking existing views.",high,feature_request,0.5933,feature_request
CB-7294,email,Team,LATAM,Quick one: Filtering by date range on a year of data never returns. Nothing changed on our side.,normal,bug_ui,0.7527,performance
CB-6032,chat,Team,LATAM,Sorry to bother you but The proration on our upgrade looks wrong. Thanks in advance.,high,bug_ui,0.6568,billing_plan
CB-6580,email,Business,EMEA,not sure if this is the right place but can you support two-factor via hardware keys?,low,login_access,0.5518,feature_request
CB-7007,phone,Enterprise,LATAM,Reporting on behalf of my team: We cannot rotate the API key without downtime.,normal,integrations,0.5146,integrations
CB-6142,email,Team,APAC,hey vat is not showing on the invoice and our finance team needs it,normal,billing_plan,0.7787,billing_plan
CB-6429,in-app,Business,North America,Hey Records with special characters are dropped entirely. This is urgent.,urgent,bug_ui,0.8079,data_sync
CB-6856,chat,Free,North America,Where do I change the default timezone for everyone?,urgent,how_to,0.9844,how_to
CB-7157,chat,Team,LATAM,"Hello, The invite went to the wrong address and cannot be revoked. We are on the Team plan. Please advise.",urgent,login_access,0.2773,login_access
CB-7369,in-app,Free,LATAM,sorry to bother you but loading a shared link is slower than opening it from inside the app,low,performance,0.862,performance
CB-6086,email,Free,EMEA,"morning, we were moved to a more expensive tier without being told",normal,bug_ui,0.4717,billing_plan
CB-6410,chat,Business,EMEA,"hello, the deduplication rule is merging two genuinely different customers",urgent,integrations,0.7463,data_sync
CB-6243,in-app,Team,EMEA,The number formatting uses commas and periods inconsistently. Thanks!,low,bug_ui,0.9275,bug_ui
CB-7280,phone,Enterprise,North America,Raising this again: The print view takes so long it fails.,normal,performance,0.8136,performance
CB-7322,phone,Team,EMEA,"Hi team, The app slows to a crawl when a colleague is editing the same view. Screenshot attached.",normal,performance,0.9547,performance
CB-7197,chat,Team,APAC,"Hi team, Logging in on a second device signs me out of the first.",normal,login_access,0.5901,login_access
CB-6473,chat,Team,North America,Numbers are rounded to whole units and we need two decimals.,normal,bug_ui,0.9334,data_sync
CB-6215,chat,Enterprise,EMEA,Sorry to bother you but The tooltip covers the value it is describing. Please escalate if needed.,urgent,bug_ui,0.6269,bug_ui
CB-7273,chat,Free,LATAM,The autosave blocks typing while it runs.,normal,performance,0.3731,performance
CB-6547,phone,Free,APAC,Reporting on behalf of my team: Please add support for our region's date format. Only happens for our EMEA users. Please treat as high priority.,normal,feature_request,0.8711,feature_request
CB-6941,email,Business,EMEA,Not sure if this is the right place but The Jira integration creates tickets in the wrong project.,urgent,bug_ui,0.6345,integrations
CB-6737,in-app,Free,EMEA,Hey How do I merge two duplicate records? Not blocking but annoying. Let me know.,low,how_to,0.9907,how_to
CB-6392,phone,Business,North America,"The sync only picks up records changed in the last hour, not the last day.",normal,bug_ui,0.7571,data_sync
CB-6985,in-app,Enterprise,North America,Following up: We cannot rotate the API key without downtime.,high,integrations,0.7655,integrations
CB-6469,chat,Business,EMEA,Following up: The sync ignores our filter and pulls every record. Thanks in advance.,urgent,data_sync,0.6153,data_sync
CB-7305,email,Enterprise,APAC,"Hi team, The app is much slower in Firefox than in Chrome. Please escalate if needed.",high,performance,0.9568,performance
CB-6026,phone,Free,EMEA,"Sorry to bother you but Please cancel the renewal, we are not continuing next year.",high,billing_plan,0.9334,billing_plan
CB-7318,email,Team,EMEA,"Hi team, The scheduled report never finishes for our biggest region. Screenshot attached.",normal,performance,0.4711,performance
CB-6522,phone,Business,EMEA,"Hi, The sync skipped an entire month of records. Thanks in advance.",high,performance,0.3714,data_sync
CB-6784,in-app,Enterprise,EMEA,"Hi team, Can I tag records and filter by tag later?",urgent,how_to,0.6986,how_to
CB-6846,in-app,Free,North America,How do I set up a recurring data refresh? This is urgent.,normal,how_to,0.973,how_to
CB-6623,in-app,Free,LATAM,"Hello, Can you add keyboard shortcuts for the common actions?",normal,feature_request,0.8992,feature_request
CB-7388,chat,Free,North America,Reporting on behalf of my team: Queries that finish quickly in the console time out in the UI. Thanks in advance.,high,performance,0.655,performance
CB-6543,chat,Business,LATAM,We want to be able to pin a note to the top of a workspace. Reproduced on two machines. We need this resolved before month end.,normal,feature_request,0.8473,feature_request
CB-7109,in-app,Team,LATAM,"hi, the account recovery flow asks a security question we never set",low,login_access,0.8773,login_access
CB-6408,email,Free,North America,reporting on behalf of my team: duplicate records appear after every sync run,urgent,bug_ui,0.8955,data_sync
CB-6600,in-app,Business,EMEA,"Following up: We want to schedule reports to Slack, not just email. Any help appreciated.",urgent,how_to,0.3938,feature_request
CB-6345,email,Free,LATAM,The date picker will not let me select anything before 2024.,urgent,bug_ui,0.645,bug_ui
CB-7332,email,Enterprise,APAC,Hey The API takes four seconds for a request that used to take one. Screenshot attached.,normal,integrations,0.514,performance
CB-6974,email,Team,North America,The API deprecation notice gave us two weeks.,high,integrations,0.7053,integrations
CB-6794,in-app,Enterprise,EMEA,Quick one: How do I combine two metrics into one chart? Reproduced on two machines. Not blocking but annoying. Screenshot attached.,high,how_to,0.8991,how_to
CB-6764,email,Team,North America,Reporting on behalf of my team: How do I create a template other teams can copy? Happy to jump on a call if easier.,low,how_to,0.8563,how_to
CB-6571,in-app,Enterprise,APAC,Sorry to bother you but An audit log we can export would help our compliance review. Reproduced on two machines. Thanks!,high,feature_request,0.2941,feature_request
CB-7227,in-app,Business,LATAM,Sorry to bother you but The first load of the day is always far slower than the rest. Screenshot attached.,high,performance,0.8469,performance
CB-6264,chat,Free,LATAM,The tooltip covers the value it is describing.,normal,bug_ui,0.2188,bug_ui
CB-6700,chat,Business,APAC,"We need alerts that trigger on a rate of change, not just a level.",low,feature_request,0.8354,feature_request
CB-7126,phone,Business,EMEA,Second time asking about this. Our identity provider says the assertion audience does not match. We are on the Team plan. Please escalate if needed.,low,login_access,0.3619,login_access
CB-6530,in-app,Team,APAC,we want a way to flag a metric as deprecated,normal,bug_ui,0.4078,feature_request
CB-6017,in-app,Enterprise,APAC,Reporting on behalf of my team: Our nonprofit discount application has had no response.,normal,data_sync,0.5098,billing_plan
CB-6300,chat,Free,EMEA,sorry to bother you but the dropdown closes before i can scroll to my option,normal,performance,0.6819,bug_ui
CB-6798,email,Enterprise,LATAM,Second time asking about this. How do I create a template other teams can copy?,normal,how_to,0.9245,how_to
CB-6292,email,Free,LATAM,the calendar starts the week on the wrong day for our region,low,bug_ui,0.9369,bug_ui
CB-6648,phone,Free,LATAM,Reporting on behalf of my team: We would like a mobile widget for our key metric. Any help appreciated.,normal,feature_request,0.7007,feature_request
CB-7217,phone,Business,APAC,"Morning, I am told my email is already registered but I have never signed up. Ticket reference from last time was in the thread.",urgent,login_access,0.4873,login_access
CB-6204,chat,Enterprise,North America,Not sure if this is the right place but The notification badge never clears. It affects about a dozen people. This is urgent.,urgent,bug_ui,0.6479,bug_ui
CB-6225,phone,Business,LATAM,Reporting on behalf of my team: The dropdown closes before I can scroll to my option. Let me know.,low,performance,0.6152,bug_ui
CB-7400,chat,Free,LATAM,Second time asking about this. Our overnight batch now overruns into working hours. It worked fine last week. Please escalate if needed.,high,performance,0.7741,performance
CB-6065,phone,Enterprise,APAC,"Hi team, The seat count includes deactivated users.",normal,bug_ui,0.8719,billing_plan
CB-6424,chat,Enterprise,EMEA,"Hello, The nightly sync silently stopped three days ago. Thanks in advance.",normal,performance,0.5714,data_sync
CB-7059,in-app,Free,APAC,Quick one: I am told my email is already registered but I have never signed up. Not blocking but annoying. Any help appreciated.,urgent,login_access,0.4586,login_access
CB-6196,chat,Business,North America,"morning, the success toast disappears before it can be read",normal,bug_ui,0.4164,bug_ui
CB-6317,email,Team,LATAM,Sorry to bother you but The breadcrumb shows a folder that no longer exists.,normal,bug_ui,0.3605,bug_ui
CB-6459,phone,Business,LATAM,"Morning, Records that were deleted upstream are still showing here. Our admin has already tried the usual steps.",normal,bug_ui,0.5261,data_sync
CB-6275,phone,Team,LATAM,Not sure if this is the right place but Long labels are cut off with no tooltip to read them. Can someone take a look?,urgent,bug_ui,0.846,bug_ui
CB-6381,chat,Free,APAC,"Hello, The sync only picks up records changed in the last hour, not the last day. This is urgent.",normal,data_sync,0.4884,data_sync
CB-6583,phone,Business,LATAM,Can you add an option to require a reason when data is deleted? Thanks!,normal,feature_request,0.9761,feature_request
CB-6491,email,Free,EMEA,"Hello, Our timezone setting is ignored on scheduled syncs. I have cleared cache and tried incognito. Ticket reference from last time was in the thread.",normal,bug_ui,0.2864,data_sync
CB-7077,phone,Business,LATAM,Our SCIM provisioning stopped creating new users last Tuesday. This is urgent. We need this resolved before month end.,high,performance,0.415,login_access
CB-6045,in-app,Team,North America,Sorry to bother you but We were charged twice this month for the same seats.,low,billing_plan,0.9802,billing_plan
CB-6112,email,Enterprise,APAC,"Hi team, The cancellation still charged us for the following month.",normal,billing_plan,0.9705,billing_plan
CB-7111,email,Enterprise,LATAM,"Hello, I cannot sign in, it says my password is wrong but I never changed it. It worked fine last week.",low,login_access,0.9955,login_access
CB-6088,email,Team,APAC,We want to switch from monthly to annual billing mid-term. Thanks!,normal,billing_plan,0.9045,billing_plan
CB-6740,in-app,Business,North America,how do i move a dashboard to a different owner?,high,how_to,0.9887,how_to
CB-7088,chat,Enterprise,LATAM,"Second time asking about this. I need to transfer the owner role, the previous owner has left. Fairly low priority.",normal,how_to,0.1823,login_access
CB-6876,chat,Free,North America,The connector cannot handle our custom object names. Only happens for our EMEA users. Please treat as high priority. Let me know.,low,integrations,0.6727,integrations
CB-7119,chat,Team,LATAM,Reporting on behalf of my team: The Google sign-in button sends me into a redirect loop. Not blocking but annoying.,normal,login_access,0.9589,login_access
CB-6409,email,Team,LATAM,Raising this again: Boolean fields arrive as one and zero instead of true and false. This is blocking our weekly reporting. Please treat as high priority.,high,performance,0.6291,data_sync
CB-6231,chat,Team,LATAM,Raising this again: Keyboard focus is invisible so I cannot tab through the form.,urgent,feature_request,0.2077,bug_ui
CB-7038,phone,Free,LATAM,Reporting on behalf of my team: The integration was disabled automatically and nobody was told. Please escalate if needed.,normal,data_sync,0.5855,integrations
CB-6729,in-app,Enterprise,LATAM,Can I hide a metric from a shared view without deleting it? Our admin has already tried the usual steps.,high,how_to,0.9701,how_to
CB-6356,email,Business,North America,raising this again: the backfill has been running for two days with no progress,low,performance,0.8722,data_sync
CB-6897,chat,Enterprise,APAC,hey the jira integration creates tickets in the wrong project,urgent,integrations,0.7069,integrations
CB-6873,email,Free,APAC,Hey How do I create a template other teams can copy? No rush on this one. Ticket reference from last time was in the thread.,normal,how_to,0.9338,how_to
CB-7004,chat,Team,EMEA,Following up: Rate limits are much lower than the documentation says. Happy to jump on a call if easier.,normal,billing_plan,0.6215,integrations
CB-6746,in-app,Free,LATAM,Where do I manage notification preferences for the whole org? Thanks!,normal,how_to,0.9675,how_to
CB-7200,email,Team,APAC,Following up: Someone who left the company still has an active account. Reproduced on two machines.,low,login_access,0.8368,login_access
CB-6954,chat,Free,APAC,raising this again: the sftp drop stopped accepting our key,normal,performance,0.3842,integrations
CB-6839,chat,Enterprise,EMEA,Can I restrict a field so only managers see it? Screenshot attached.,high,how_to,0.8449,how_to
CB-7365,email,Team,North America,"hello, the product is fine for one user but crawls with twenty",low,performance,0.8953,performance
CB-6661,chat,Free,LATAM,"Morning, We need finer control over what appears in the weekly digest.",high,bug_ui,0.3142,feature_request
CB-6697,chat,Business,APAC,"Hi team, Please add a way to bulk reassign ownership when someone leaves. This is urgent. Happy to jump on a call if easier.",low,feature_request,0.8034,feature_request
CB-6443,email,Business,APAC,The schedule says hourly but it runs about once a day.,urgent,bug_ui,0.9726,data_sync
CB-6366,email,Business,EMEA,"Hi, Two connectors write to the same table and conflict. I have cleared cache and tried incognito. Ticket reference from last time was in the thread.",normal,integrations,0.8343,data_sync
CB-6092,email,Team,North America,"hello, please cancel the renewal, we are not continuing next year",normal,billing_plan,0.8794,billing_plan
CB-6634,email,Free,APAC,Hey A public API for dashboard creation would let us automate onboarding. Thanks!,high,integrations,0.7957,feature_request
CB-6233,chat,Enterprise,LATAM,The column widths reset every time I open the view. Please escalate if needed.,normal,bug_ui,0.9457,bug_ui
CB-6023,chat,Enterprise,North America,We were moved to a more expensive tier without being told. Any help appreciated.,urgent,billing_plan,0.4554,billing_plan
CB-6282,chat,Business,EMEA,"Morning, The icon for archive and the icon for delete are identical. Our admin has already tried the usual steps. Happy to jump on a call if easier.",normal,bug_ui,0.4025,bug_ui
CB-6335,email,Business,North America,"Hi, The tab order jumps to the footer in the middle of the form.",normal,bug_ui,0.4854,bug_ui
CB-6099,phone,Enterprise,EMEA,Not sure if this is the right place but Our nonprofit discount application has had no response. It worked fine last week. This is urgent. We need this resolved before month end.,normal,performance,0.1787,billing_plan
CB-6975,email,Free,EMEA,"Morning, The Stripe integration reports different totals to Stripe itself. Any help appreciated.",normal,bug_ui,0.5355,integrations
CB-6829,phone,Business,APAC,"Morning, How can I see who changed a dashboard and when? Not blocking but annoying. Please escalate if needed.",urgent,how_to,0.7668,how_to
CB-6315,email,Enterprise,APAC,Hey The mobile layout overlaps two buttons so I hit the wrong one.,high,bug_ui,0.3801,bug_ui
CB-6295,in-app,Business,EMEA,"Hi team, The empty state says loading forever when there is simply no data.",low,performance,0.6638,bug_ui
CB-6242,chat,Team,APAC,raising this again: the back button takes me out of the app entirely,high,performance,0.2184,bug_ui
CB-6226,email,Business,LATAM,"hi, the tab order jumps to the footer in the middle of the form",high,bug_ui,0.7118,bug_ui
CB-7076,phone,Team,EMEA,Sorry to bother you but We want to enforce SSO only and disable password sign-in. No rush on this one.,normal,login_access,0.854,login_access
CB-6918,phone,Business,North America,The connector cannot handle our custom object names. Not blocking but annoying. Thanks in advance.,normal,integrations,0.8421,integrations
CB-7291,phone,Free,LATAM,Sorry to bother you but Our largest account cannot open its own dashboard at all. Fairly low priority. Please escalate if needed.,urgent,performance,0.5112,performance
CB-6044,chat,Free,LATAM,"Hello, The proration on our upgrade looks wrong. Thanks!",urgent,bug_ui,0.7263,billing_plan
CB-6168,phone,Enterprise,North America,reporting on behalf of my team: the payment page rejects our corporate card as invalid,normal,billing_plan,0.7529,billing_plan
CB-6077,email,Team,EMEA,The enterprise agreement pricing does not match what sales quoted.,normal,bug_ui,0.5552,billing_plan
CB-6245,chat,Team,APAC,Not sure if this is the right place but The sidebar collapses every time I navigate. Fairly low priority.,high,bug_ui,0.6549,bug_ui
CB-6872,chat,Free,EMEA,Hey What is the correct order to set up a new team?,normal,how_to,0.9881,how_to
CB-7173,chat,Enterprise,North America,Second time asking about this. It signs me out every twenty minutes for no reason. It affects about a dozen people. Please advise.,urgent,performance,0.6435,login_access
CB-6896,email,Team,APAC,Pagination in the API skips the last page. Ticket reference from last time was in the thread.,low,integrations,0.8033,integrations
CB-6704,in-app,Free,EMEA,How do I combine two metrics into one chart?,high,how_to,0.9717,how_to
CB-6115,email,Business,APAC,"morning, the discount code from the conference does not work",low,bug_ui,0.3268,billing_plan
CB-6374,email,Business,LATAM,Sorry to bother you but The sync completes but half the fields are empty.,urgent,bug_ui,0.4918,data_sync
CB-6062,phone,Business,EMEA,The refund was approved three weeks ago and has not arrived. Ticket reference from last time was in the thread.,low,billing_plan,0.8981,billing_plan
CB-6024,chat,Business,APAC,Quick one: The plan comparison page and the checkout page show different prices.,normal,bug_ui,0.5216,billing_plan
CB-6797,chat,Business,EMEA,Hey Can I schedule a report to go out every Monday morning? It worked fine last week.,normal,how_to,0.9756,how_to
CB-6167,phone,Business,EMEA,"Morning, We are on a legacy plan and want to know what we lose by moving. Thanks!",normal,billing_plan,0.4984,billing_plan
CB-6412,in-app,Enterprise,LATAM,quick one: deleted records come back on the next run,urgent,bug_ui,0.4854,data_sync
CB-6553,in-app,Enterprise,North America,"Hi team, We would like to see a changelog inside the product. Please escalate if needed.",low,bug_ui,0.4005,feature_request
CB-7020,email,Free,LATAM,"Hi team, Pagination in the API skips the last page. Happens roughly half the time.",urgent,integrations,0.7988,integrations
CB-6378,email,Enterprise,North America,"hi, changes made here are not written back upstream",normal,data_sync,0.4339,data_sync
CB-6314,email,Business,APAC,Following up: The success toast disappears before it can be read. Ticket reference from last time was in the thread.,normal,bug_ui,0.3724,bug_ui
CB-7021,email,Business,APAC,Quick one: The outbound webhook does not include the record identifier.,normal,integrations,0.881,integrations
CB-6127,email,Enterprise,LATAM,Sorry to bother you but We need a quote for adding thirty seats next quarter. Happens roughly half the time.,urgent,bug_ui,0.357,billing_plan
CB-6171,in-app,Free,North America,"Hi, The seat count includes deactivated users. Please treat as high priority. Screenshot attached.",normal,bug_ui,0.7719,billing_plan
CB-6472,phone,Business,LATAM,Reporting on behalf of my team: The sync fails silently with no error and no notification. Not blocking but annoying.,normal,performance,0.5899,data_sync
CB-6400,in-app,Business,APAC,raising this again: text fields are truncated at 255 characters,urgent,bug_ui,0.4728,data_sync
CB-6597,phone,Team,APAC,reporting on behalf of my team: please support nested folders,normal,feature_request,0.718,feature_request
CB-7165,phone,Enterprise,LATAM,reporting on behalf of my team: the teammate invite link expires the instant they click it,high,bug_ui,0.4562,login_access
CB-7256,email,Business,APAC,Hey Dashboards take over a minute to load in the morning. Nothing changed on our side.,normal,performance,0.9067,performance
CB-7377,email,Business,North America,Second time asking about this. The autosave blocks typing while it runs.,high,performance,0.5892,performance
CB-6980,phone,Enterprise,APAC,Second time asking about this. The connector duplicates our accounts as separate records.,normal,login_access,0.4585,integrations
CB-6016,email,Team,North America,Reporting on behalf of my team: The annual discount we agreed in the contract was not applied. Happens roughly half the time. No rush on this one.,low,billing_plan,0.4386,billing_plan
CB-7298,phone,Business,EMEA,"Hi, Typing in a long text field lags behind by half a second. Happy to jump on a call if easier.",low,performance,0.9542,performance
CB-6809,phone,Business,EMEA,not sure if this is the right place but can i group by two fields at once?,urgent,how_to,0.8882,how_to
CB-6591,phone,Team,North America,"Hello, We would like usage analytics per dashboard.",high,feature_request,0.4119,feature_request
CB-6990,email,Free,LATAM,"Hi, Our Snowflake connection times out on larger queries.",normal,performance,0.9414,integrations
CB-6070,in-app,Business,EMEA,We cannot tell from the invoice which team the seats belong to. Only happens for our EMEA users.,low,billing_plan,0.8734,billing_plan
CB-6994,phone,Business,North America,Not sure if this is the right place but The SFTP drop stopped accepting our key.,normal,bug_ui,0.3454,integrations
CB-7183,email,Business,LATAM,"Hello, I need to transfer the owner role, the previous owner has left. Ticket reference from last time was in the thread.",normal,how_to,0.6061,login_access
CB-7286,phone,Free,EMEA,Loading times got noticeably worse after last week's release.,urgent,performance,0.8877,performance
CB-7279,in-app,Business,LATAM,The product is fine for one user but crawls with twenty.,normal,performance,0.8769,performance
CB-6666,chat,Team,APAC,Raising this again: An offline mode for the mobile app would be valuable on site visits.,normal,feature_request,0.869,feature_request
CB-7246,email,Free,LATAM,Reporting on behalf of my team: Scrolling a long table stutters badly. Any help appreciated.,normal,bug_ui,0.6769,performance
CB-6628,email,Free,EMEA,Raising this again: We would like to see a changelog inside the product.,low,integrations,0.4259,feature_request
CB-7142,email,Enterprise,EMEA,Our IP allowlist is blocking our own office after the ISP changed our range.,normal,bug_ui,0.9545,login_access
CB-6212,email,Business,APAC,The avatar initials show the wrong user. It affects about a dozen people.,low,login_access,0.2874,bug_ui
CB-6678,chat,Business,EMEA,Sorry to bother you but We need the ability to comment directly on a chart. Please escalate if needed.,normal,feature_request,0.4773,feature_request
CB-6067,in-app,Team,APAC,"Please cancel the renewal, we are not continuing next year.",normal,billing_plan,0.8427,billing_plan
CB-6499,chat,Team,EMEA,"Hi team, Duplicate records appear after every sync run. It worked fine last week. Please advise.",low,bug_ui,0.7476,data_sync
CB-6454,phone,Free,North America,"Hello, Text fields are truncated at 255 characters. Not blocking but annoying.",normal,bug_ui,0.3038,data_sync
CB-6566,chat,Free,EMEA,Hey Can you add keyboard shortcuts for the common actions?,normal,feature_request,0.9382,feature_request
CB-6538,email,Business,EMEA,Raising this again: We need the ability to comment directly on a chart.,low,feature_request,0.731,feature_request
CB-6810,phone,Business,EMEA,Reporting on behalf of my team: Where can I find our API key?,urgent,integrations,0.773,how_to
CB-7309,email,Enterprise,APAC,Following up: Dashboards take over a minute to load in the morning. I have cleared cache and tried incognito. Can someone take a look?,normal,performance,0.9364,performance
CB-6542,email,Enterprise,North America,Can you support two-factor via hardware keys?,normal,login_access,0.6644,feature_request
CB-6624,chat,Business,LATAM,An offline mode for the mobile app would be valuable on site visits. Not blocking but annoying. Thanks in advance.,high,feature_request,0.8969,feature_request
CB-6718,chat,Team,LATAM,how do i add a calculated field?,low,how_to,0.8974,how_to
CB-6403,email,Free,APAC,The last sync timestamp has not moved since Friday.,normal,bug_ui,0.6885,data_sync
CB-6289,in-app,Free,EMEA,Not sure if this is the right place but The undo button undoes more than the last action. Screenshot attached.,normal,how_to,0.3834,bug_ui
CB-6855,phone,Team,APAC,"Hi team, How do I add a calculated field? Can someone take a look?",low,how_to,0.9119,how_to
CB-6880,chat,Business,APAC,Hey The integration marketplace listing says available but the button does nothing.,normal,integrations,0.7703,integrations
CB-7024,email,Team,EMEA,"Morning, Our API key stopped working with no notice. We are on the Team plan. Screenshot attached.",high,integrations,0.8034,integrations
CB-7378,email,Enterprise,EMEA,Hey Exporting anything over ten thousand rows just times out. It affects about a dozen people.,urgent,performance,0.7588,performance
CB-6605,in-app,Free,North America,Not sure if this is the right place but Can you let us localise dashboard titles for different regions? Thanks in advance.,high,feature_request,0.4325,feature_request
CB-7048,chat,Business,EMEA,The API error messages give no detail we can act on. Let me know.,normal,integrations,0.9482,integrations
CB-7152,email,Business,EMEA,The sign-in page shows a blank screen on our locked-down browsers. Our admin has already tried the usual steps. No rush on this one. Screenshot attached.,normal,login_access,0.9905,login_access
CB-7353,chat,Enterprise,EMEA,Hey Queries that finish quickly in the console time out in the UI. We are on the Team plan. Can someone take a look?,low,performance,0.4678,performance
CB-7072,email,Free,LATAM,Not sure if this is the right place but The account recovery flow asks a security question we never set. Fairly low priority.,low,login_access,0.8374,login_access
CB-6073,phone,Team,EMEA,we were moved to a more expensive tier without being told,high,billing_plan,0.4789,billing_plan
CB-6935,phone,Business,EMEA,"Morning, Pagination in the API skips the last page.",normal,integrations,0.6058,integrations
CB-6001,in-app,Free,EMEA,Following up: VAT is not showing on the invoice and our finance team needs it. This started yesterday.,normal,billing_plan,0.775,billing_plan
CB-7135,chat,Enterprise,LATAM,Reporting on behalf of my team: The audit log does not show who removed a user's access. This is blocking our weekly reporting.,normal,login_access,0.4595,login_access
CB-6153,in-app,Enterprise,North America,Raising this again: We need a signed W-8 for our overseas entity.,normal,bug_ui,0.4043,billing_plan
CB-7357,in-app,Free,North America,"Hi team, Dashboards take over a minute to load in the morning.",urgent,performance,0.9327,performance
CB-7331,email,Business,APAC,Not sure if this is the right place but The autosave blocks typing while it runs. Fairly low priority.,low,performance,0.4758,performance
CB-6820,phone,Enterprise,APAC,Sorry to bother you but How do I move a dashboard to a different owner?,high,how_to,0.9862,how_to
CB-6883,email,Enterprise,EMEA,Raising this again: The integration works in sandbox but not in production. Let me know.,normal,integrations,0.8074,integrations
CB-6101,phone,Business,EMEA,"Hi, The refund was approved three weeks ago and has not arrived. Reproduced on two machines. Not blocking but annoying.",normal,billing_plan,0.9855,billing_plan
CB-6662,chat,Team,APAC,Quick one: We need an approval step before a dashboard is shared externally. We need this resolved before month end.,normal,how_to,0.4477,feature_request
CB-6057,email,Free,APAC,quick one: our spend has doubled and we cannot see what drove it,normal,bug_ui,0.5053,billing_plan
CB-7355,in-app,Enterprise,North America,"Hello, The mobile app is unusably slow on anything other than wifi. No rush on this one.",urgent,performance,0.9847,performance
CB-7391,email,Enterprise,LATAM,"hi, the app slows to a crawl when a colleague is editing the same view",normal,performance,0.9654,performance
CB-6117,in-app,Free,LATAM,"Morning, The annual discount we agreed in the contract was not applied. Happens roughly half the time. Thanks!",low,billing_plan,0.6989,billing_plan
CB-6587,email,Team,LATAM,"Hi team, We need finer control over what appears in the weekly digest.",high,bug_ui,0.4025,feature_request
CB-7054,in-app,Enterprise,LATAM,"Morning, The 2FA QR code will not scan and there is no manual key.",urgent,login_access,0.8403,login_access
CB-6306,in-app,Free,North America,"Hello, Long labels are cut off with no tooltip to read them. I have cleared cache and tried incognito. Fairly low priority.",low,bug_ui,0.6107,bug_ui
CB-7169,email,Enterprise,EMEA,Not sure if this is the right place but The Google sign-in button sends me into a redirect loop.,high,login_access,0.9101,login_access
CB-6365,email,Enterprise,EMEA,Reporting on behalf of my team: Deleted records come back on the next run.,urgent,bug_ui,0.8013,data_sync
CB-6703,phone,Enterprise,APAC,What happens to shared links when I archive a view?,high,how_to,0.2464,how_to
CB-6596,phone,Team,LATAM,Quick one: We want to be able to pin a note to the top of a workspace. Happy to jump on a call if easier.,high,how_to,0.6039,feature_request
CB-7083,email,Free,North America,"Hello, Role permissions reset themselves to viewer overnight. Happy to jump on a call if easier.",urgent,how_to,0.6099,login_access
CB-6902,in-app,Enterprise,North America,The connector authenticated but syncs no objects. Please escalate if needed.,normal,integrations,0.7845,integrations
CB-6765,in-app,Free,EMEA,Sorry to bother you but Can I see the history of a metric definition? Happens roughly half the time. No rush on this one.,low,bug_ui,0.4303,how_to
CB-7193,phone,Free,APAC,"Morning, The password reset email never arrives, I have checked spam. This started yesterday. Please treat as high priority. Let me know.",low,login_access,0.8288,login_access
CB-7325,phone,Team,North America,Sorry to bother you but The save button takes so long people click it twice. We are on the Team plan.,high,performance,0.9666,performance
CB-6528,chat,Free,EMEA,Quick one: An audit log we can export would help our compliance review. This started yesterday. Please escalate if needed.,high,integrations,0.3165,feature_request
CB-7271,chat,Enterprise,EMEA,The app becomes unresponsive while a background job runs. Only happens for our EMEA users.,urgent,performance,0.9713,performance
CB-6252,chat,Business,APAC,Second time asking about this. The form loses everything I typed if validation fails.,normal,performance,0.2494,bug_ui
CB-7302,phone,Business,North America,Sorry to bother you but The app uses several gigabytes of memory after an hour.,high,performance,0.7844,performance
CB-6850,chat,Team,EMEA,What is the recommended way to onboard fifty new users at once?,high,how_to,0.9185,how_to
CB-6942,phone,Enterprise,LATAM,"Hello, Rate limits are much lower than the documentation says. This is blocking our weekly reporting. We need this resolved before month end.",high,bug_ui,0.6569,integrations
CB-6984,phone,Business,EMEA,Sorry to bother you but The Salesforce connector disconnects every few hours. Not blocking but annoying.,low,integrations,0.6349,integrations
CB-6003,email,Enterprise,EMEA,Reporting on behalf of my team: We want to switch from monthly to annual billing mid-term.,normal,billing_plan,0.8625,billing_plan
CB-6161,chat,Enterprise,LATAM,Hey The receipt shows a currency we do not use. Nothing changed on our side.,normal,billing_plan,0.8114,billing_plan
CB-6265,email,Business,North America,the number formatting uses commas and periods inconsistently,low,bug_ui,0.9453,bug_ui
CB-6069,email,Team,APAC,The invoice email goes to a person who left the company. Nothing changed on our side. Please escalate if needed.,normal,billing_plan,0.9845,billing_plan
CB-6083,chat,Free,EMEA,second time asking about this we need to split one invoice across two cost centres,high,billing_plan,0.9154,billing_plan
CB-6964,chat,Business,North America,Reporting on behalf of my team: The connector needs a static IP and we cannot get one. This is blocking our weekly reporting. Please treat as high priority.,low,integrations,0.7563,integrations
CB-7137,email,Business,APAC,Quick one: Our SAML certificate expired and nobody on the team can authenticate. Only happens for our EMEA users. No rush on this one.,high,integrations,0.3009,login_access
CB-6799,in-app,Business,North America,"hello, where do i manage notification preferences for the whole org?",normal,how_to,0.9654,how_to
CB-6615,phone,Business,APAC,Please let us set a company-wide default chart style. Please treat as high priority. Screenshot attached.,normal,how_to,0.891,feature_request
CB-6862,email,Business,LATAM,Hey How do I merge two duplicate records? Please escalate if needed.,normal,how_to,0.9873,how_to
CB-6357,email,Enterprise,EMEA,Not sure if this is the right place but The sync order means related records arrive before their parents. Only happens for our EMEA users.,normal,bug_ui,0.8082,data_sync
CB-7060,email,Enterprise,LATAM,Second time asking about this. We need to force a password rotation for every user this quarter.,low,login_access,0.9692,login_access
CB-6781,in-app,Team,North America,Not sure if this is the right place but How do I set up a read-only account for our auditor? It worked fine last week. Please escalate if needed.,low,how_to,0.8675,how_to
CB-7036,in-app,Team,North America,"Hello, The integration works in sandbox but not in production.",normal,integrations,0.817,integrations
CB-6786,chat,Team,North America,hey how do i give someone view-only access without using a full seat?,high,how_to,0.9357,how_to
CB-6247,email,Team,North America,Text is white on white in dark mode. Fairly low priority.,urgent,bug_ui,0.2456,bug_ui
CB-7103,in-app,Free,LATAM,Second time asking about this. MFA is enforced for admins but not for regular users and we need both. Please treat as high priority. Let me know.,normal,login_access,0.4452,login_access
CB-6283,phone,Free,North America,Following up: The dropdown closes before I can scroll to my option.,normal,performance,0.6411,bug_ui
CB-6268,email,Free,APAC,"hello, pasting into the search field adds a trailing space that breaks it",urgent,how_to,0.7398,bug_ui
CB-6380,phone,Enterprise,EMEA,Hey Our date fields are being read as American format when they are European. This is blocking our weekly reporting.,normal,bug_ui,0.9287,data_sync
CB-6093,email,Enterprise,APAC,Sorry to bother you but I need invoices for the last twelve months in one download.,normal,billing_plan,0.9694,billing_plan
CB-6565,chat,Enterprise,North America,"Morning, Can you support exporting to PDF as well as CSV?",normal,feature_request,0.7589,feature_request
CB-6209,chat,Team,APAC,Sorry to bother you but The date picker will not let me select anything before 2024.,high,bug_ui,0.79,bug_ui
CB-7178,phone,Enterprise,LATAM,Hey We need to force a password rotation for every user this quarter. It affects about a dozen people.,low,login_access,0.9764,login_access
CB-7231,chat,Enterprise,APAC,We hit a timeout that cannot be increased anywhere in settings. This is urgent.,low,performance,0.9744,performance
CB-6066,email,Team,APAC,Reporting on behalf of my team: We need to move billing to a different legal entity. Happens roughly half the time.,normal,billing_plan,0.7126,billing_plan
CB-6053,in-app,Free,EMEA,"Morning, The free trial converted to paid before we decided.",normal,billing_plan,0.4225,billing_plan
CB-6110,in-app,Free,APAC,Hey The usage overage charge is much larger than we expected. We need this resolved before month end.,normal,billing_plan,0.5764,billing_plan
CB-6510,in-app,Business,EMEA,text fields are truncated at 255 characters,normal,bug_ui,0.6216,data_sync
CB-6219,chat,Business,North America,Sorry to bother you but Long labels are cut off with no tooltip to read them. We need this resolved before month end.,urgent,bug_ui,0.5945,bug_ui
CB-6898,chat,Free,North America,Second time asking about this. The Looker connection cannot see our new tables.,normal,bug_ui,0.6765,integrations
CB-7097,in-app,Business,EMEA,Raising this again: The email on my account is wrong and I cannot receive the verification code. Nothing changed on our side. Any help appreciated.,urgent,login_access,0.9347,login_access
CB-6484,email,Business,LATAM,Our totals here are consistently three percent below source. It affects about a dozen people. Thanks in advance.,high,bug_ui,0.9413,data_sync
CB-6693,phone,Team,EMEA,"Hi, Please support nested folders. This started yesterday. Please treat as high priority.",low,how_to,0.8194,feature_request
CB-6677,email,Team,APAC,"Hi, An audit log we can export would help our compliance review. Only happens for our EMEA users.",normal,feature_request,0.581,feature_request
CB-7321,chat,Enterprise,North America,"Morning, The print view takes so long it fails. It worked fine last week.",normal,performance,0.9235,performance
CB-7141,phone,Enterprise,APAC,not sure if this is the right place but the sso config was changed by accident and now nobody can get in,urgent,bug_ui,0.4019,login_access
CB-6663,email,Free,EMEA,"Hi, We need a way to see which dashboards depend on a given field.",high,feature_request,0.7638,feature_request
CB-6800,chat,Team,APAC,Hey How do I change who receives the weekly summary? Nothing changed on our side. Let me know.,normal,how_to,0.6352,how_to
CB-6197,chat,Business,LATAM,The modal opens behind the page overlay so I cannot click it. Please treat as high priority. Please escalate if needed.,low,feature_request,0.2232,bug_ui
CB-7203,email,Enterprise,APAC,Hey The account recovery flow asks a security question we never set.,normal,login_access,0.8167,login_access
CB-6169,chat,Team,EMEA,Raising this again: We want to downgrade but keep the historical data.,normal,bug_ui,0.6608,billing_plan
CB-6313,phone,Free,LATAM,"Morning, The timezone shown in the header disagrees with the rows.",normal,bug_ui,0.9897,bug_ui
CB-7250,email,Free,APAC,"Morning, The page freezes completely while a filter applies. Nothing changed on our side. Can someone take a look?",high,performance,0.8871,performance
CB-6025,email,Team,APAC,Hey We are charged in advance but the contract says in arrears.,normal,billing_plan,0.9735,billing_plan
CB-6238,email,Business,EMEA,The timezone shown in the header disagrees with the rows.,high,bug_ui,0.9921,bug_ui
CB-6492,phone,Free,APAC,Second time asking about this. The sync ignores our filter and pulls every record. It worked fine last week. Thanks in advance.,high,data_sync,0.7563,data_sync
CB-7254,phone,Enterprise,North America,Second time asking about this. The scheduled report never finishes for our biggest region. Thanks in advance.,normal,performance,0.6755,performance
CB-6076,chat,Free,LATAM,Raising this again: VAT is not showing on the invoice and our finance team needs it.,urgent,billing_plan,0.8785,billing_plan
CB-6288,chat,Team,APAC,hey the tab order jumps to the footer in the middle of the form,urgent,bug_ui,0.8156,bug_ui
CB-6037,email,Free,EMEA,we need to split one invoice across two cost centres,low,billing_plan,0.9283,billing_plan
CB-7282,chat,Free,APAC,sorry to bother you but switching between workspaces takes twenty seconds,urgent,performance,0.9611,performance
CB-7398,phone,Enterprise,LATAM,"Hello, The API takes four seconds for a request that used to take one. I have cleared cache and tried incognito.",normal,performance,0.6211,performance
CB-6858,email,Free,EMEA,Not sure if this is the right place but How do I export just the filtered rows and not everything? We are on the Team plan. Fairly low priority.,high,how_to,0.9248,how_to
CB-6059,in-app,Enterprise,EMEA,Following up: We want to downgrade but keep the historical data.,normal,bug_ui,0.6115,billing_plan
CB-6914,email,Team,EMEA,Second time asking about this. Our Snowflake connection times out on larger queries. It worked fine last week.,normal,performance,0.9057,integrations
CB-6237,in-app,Enterprise,LATAM,The chart axis starts at a non-zero value and exaggerates the trend. Not blocking but annoying.,normal,bug_ui,0.989,bug_ui
CB-6188,phone,Free,EMEA,The chart axis starts at a non-zero value and exaggerates the trend.,low,bug_ui,0.9883,bug_ui
CB-6854,phone,Business,APAC,Sorry to bother you but How do I change who receives the weekly summary? Only happens for our EMEA users. Thanks!,normal,how_to,0.8761,how_to
CB-7069,in-app,Free,LATAM,quick one: desktop sign-in works but the mobile app rejects the same password,urgent,login_access,0.886,login_access
CB-6870,phone,Enterprise,EMEA,Raising this again: Can I embed a chart in our internal wiki? We are on the Team plan.,normal,how_to,0.6772,how_to
CB-6841,in-app,Team,APAC,"Hello, How do I export just the filtered rows and not everything? Can someone take a look?",urgent,how_to,0.9491,how_to
CB-7285,phone,Business,LATAM,Reporting on behalf of my team: Performance degrades steadily until we reload the page.,normal,performance,0.7722,performance
CB-6466,chat,Free,North America,Hey The sync started applying a transformation we never configured. Can someone take a look?,low,bug_ui,0.3623,data_sync
CB-6551,in-app,Free,EMEA,Please add a bulk export of every view definition.,high,feature_request,0.8436,feature_request
CB-6254,in-app,Free,LATAM,The required field marker is missing on two fields.,urgent,bug_ui,0.8722,bug_ui
CB-6046,email,Team,APAC,Following up: The tax exemption certificate we uploaded is being ignored. I have cleared cache and tried incognito. Fairly low priority. Thanks in advance.,normal,data_sync,0.3845,billing_plan
CB-6788,in-app,Business,North America,Following up: How do I test a change without affecting the live dashboard? I have cleared cache and tried incognito.,normal,how_to,0.8423,how_to
CB-6526,in-app,Team,North America,please add support for importing from a spreadsheet template,urgent,feature_request,0.6615,feature_request
CB-6950,phone,Enterprise,EMEA,Reporting on behalf of my team: The connector requires permissions our security team will not approve.,low,integrations,0.8054,integrations
CB-6606,in-app,Business,North America,Following up: Please let us set alert thresholds per team rather than globally.,normal,how_to,0.7199,feature_request
CB-6732,email,Team,North America,Not sure if this is the right place but What is the right way to share a dashboard outside the company? This is blocking our weekly reporting. No rush on this one.,low,how_to,0.5338,how_to
CB-6585,in-app,Team,EMEA,Following up: We would like row-level permissions. We need this resolved before month end.,high,feature_request,0.4073,feature_request
CB-6369,in-app,Free,North America,"hi team, the nightly sync silently stopped three days ago",urgent,performance,0.6725,data_sync
CB-7308,chat,Free,LATAM,"hi, we hit a timeout that cannot be increased anywhere in settings",urgent,performance,0.9791,performance
CB-6930,in-app,Team,EMEA,Not sure if this is the right place but The Looker connection cannot see our new tables. This is urgent.,high,bug_ui,0.6789,integrations
CB-6383,email,Team,LATAM,Quick one: The deduplication rule is merging two genuinely different customers. Please escalate if needed.,urgent,bug_ui,0.4884,data_sync
CB-6210,in-app,Team,LATAM,Reporting on behalf of my team: The number formatting uses commas and periods inconsistently. Not blocking but annoying. Any help appreciated.,normal,bug_ui,0.9353,bug_ui
CB-7372,email,Team,APAC,"Hi, The first load of the day is always far slower than the rest. Our admin has already tried the usual steps. Please advise.",normal,performance,0.7788,performance
CB-6711,in-app,Business,LATAM,quick one: can i embed a chart in our internal wiki?,low,how_to,0.5971,how_to
CB-7133,email,Enterprise,EMEA,not sure if this is the right place but we see an account suspended banner even though the invoice is paid,low,login_access,0.4978,login_access
CB-6944,phone,Free,North America,Not sure if this is the right place but The connector reset all of our field mappings after an upgrade. Please treat as high priority. Happy to jump on a call if easier.,urgent,integrations,0.4823,integrations
CB-7089,in-app,Team,EMEA,"Hello, The Google sign-in button sends me into a redirect loop. Please treat as high priority.",normal,login_access,0.9773,login_access
CB-6235,chat,Enterprise,LATAM,"Hi, The tooltip covers the value it is describing.",urgent,bug_ui,0.2422,bug_ui
CB-6505,phone,Business,North America,"Hi team, The sync started applying a transformation we never configured.",normal,bug_ui,0.2906,data_sync
CB-7079,chat,Team,LATAM,Authenticator codes are being rejected even after resyncing.,urgent,login_access,0.8979,login_access
CB-7209,in-app,Business,North America,Quick one: Our identity provider says the assertion audience does not match.,low,bug_ui,0.498,login_access
CB-6386,in-app,Enterprise,LATAM,"hello, historical data was overwritten by the most recent import",low,bug_ui,0.4779,data_sync
CB-6557,email,Enterprise,APAC,Quick one: We need a way to see which dashboards depend on a given field.,urgent,feature_request,0.7098,feature_request
CB-6514,in-app,Free,EMEA,"hello, the sync fails silently with no error and no notification",normal,data_sync,0.3407,data_sync
CB-6614,email,Free,APAC,Raising this again: Please support nested folders.,normal,feature_request,0.6245,feature_request
CB-6072,in-app,Enterprise,EMEA,not sure if this is the right place but we are on a legacy plan and want to know what we lose by moving,high,billing_plan,0.3538,billing_plan
CB-7179,phone,Business,EMEA,I am told my email is already registered but I have never signed up.,normal,login_access,0.3771,login_access
CB-6771,chat,Team,LATAM,How do I change the aggregation from sum to average? No rush on this one.,high,how_to,0.9494,how_to
CB-7058,phone,Enterprise,EMEA,Sorry to bother you but The email on my account is wrong and I cannot receive the verification code. I have cleared cache and tried incognito. Please treat as high priority. Ticket reference from last time was in the thread.,urgent,login_access,0.8957,login_access
